project_name,project_id,role,exact_version,minecraft_version,loader,environment,release_type,release_date,last_meaningful_update,maintenance_signals,source_available,license,redistribution_rules,required_dependencies,configuration_quality,documented_api,multiplayer_support,dedicated_server_support,performance_risk,save_persistence,removal_consequence,worldgen_impact,matcha_overlap,overlap_with_other_candidates,known_conflicts,documentation_quality,guidebook_or_advancement_noise,custom_patch_likely,decision,confidence,rationale,authoritative_sources
AutoBuild,wzBO46L7,building/gathering,2.0.1+26.2 [Q7qeA1GB],26.2,fabric,client_and_server,release,2026-08-15T15:41:30.686311Z,2026-08-15,Modrinth metadata updated 2026-08-15; no source_url supplied.,no (no source_url supplied),MIT,Redistribution is generally permitted with the upstream copyright and licence notice retained.,Fabric API,documented,no,server and client required,yes,medium/high,"build history and configuration, plus ordinary placed blocks",medium,none,"low, only generic building overlap","Effortless Building, Litematica, Building Wands, Axiom","No source_url; automated placement, undo history and schematic imports must not bypass server permissions or create duplication",good,low,possible,COMPATIBILITY_SPIKE,HIGH,"AutoBuild has a stable 26.2 release and explicitly supports multiplayer with the mod on both sides, but autonomous schematic placement needs a server-authority and ordinary-building safety spike. No source_url was supplied.",https://api.modrinth.com/v2/project/wzBO46L7;https://api.modrinth.com/v2/project/wzBO46L7/version?game_versions=%5B%2226.2%22%5D&loaders=%5B%22fabric%22%5D
Axiom,N6n5dqoA,building/gathering,6.0.0 [DEXe5O7N],26.2,fabric,client_or_server_prefers_both,alpha,2026-08-24T01:40:08.492616Z,2026-08-24,Modrinth metadata updated 2026-08-24; no source_url supplied.,no (no source_url supplied),LicenseRef-All-Rights-Reserved (All rights reserved),All rights reserved; private development is not a redistribution grant. Obtain permission or replace before release.,Fabric API,clear,partial,client and optional server,optional,high,world edits and editor history,very high,none,none identified,"AutoBuild, Effortless Building, Litematica, Building Wands",All-Rights-Reserved and commercial licensing language; no source_url; automatic history persistence increases save review scope,good,none,no,REJECT,HIGH,"Axiom is a capable 26.2 alpha world editor, but its All-Rights-Reserved terms, absent source_url, creative/editor focus and broad world-editing authority do not fit the default survival building baseline.",https://api.modrinth.com/v2/project/N6n5dqoA;https://api.modrinth.com/v2/project/N6n5dqoA/version?game_versions=%5B%2226.2%22%5D&loaders=%5B%22fabric%22%5D
Building Wands,XkisZUfp,building/gathering,3.2.2 [madr0hP0],26.2,fabric,client_and_server,release,2026-08-09T07:36:37.074530Z,2026-08-09,Modrinth metadata updated 2026-08-09; latest source commit 2026-08-09: v3.2.1 fix recipes; recent issue records observed.,yes (public source link),Apache-2.0,"Redistribution is permitted under Apache-2.0 with notices, attribution and licence text retained.",Cloth Config API,clear,no,server and client,yes,medium,configuration and ordinary placed blocks,medium,none,low,"Effortless Building, AutoBuild, Litematica",Source issues include a client crash report; blast mode consumes TNT in survival and needs server validation,good,low,possible,PILOT,MEDIUM,Building Wands offers a simpler survival-friendly 26.2 placement tool under Apache-2.0 with a public source repository. Pilot its XP/TNT costs and block permission handling against the pack building principles.,https://api.modrinth.com/v2/project/XkisZUfp;https://api.modrinth.com/v2/project/XkisZUfp/version?game_versions=%5B%2226.2%22%5D&loaders=%5B%22fabric%22%5D;https://github.com/nicguzzo/wands;https://github.com/nicguzzo/wands;https://api.github.com/repos/nicguzzo/wands;https://api.github.com/repos/nicguzzo/wands/commits?per_page=10;https://api.github.com/repos/nicguzzo/wands/issues?state=all&per_page=5
Effortless Building,DYtfQEYj,building/gathering,4.3 [BkGu1Eid],26.2,fabric,client_and_server,release,2026-08-01T12:28:42.216867Z,2025-03-22,Modrinth metadata updated 2026-08-01; latest source commit 2025-03-22: Updated dependencies.,yes (public source link),LGPL-3.0-only,Redistribution is permitted under LGPL-3.0-only with notices and applicable source/relinking obligations.,None declared in selected version record,clear,no,server and client required,yes,medium/high,configuration and ordinary placed blocks,medium,none,low,"AutoBuild, Building Wands, Litematica",Requires both sides; server functional settings are admin-controlled; source commit evidence is older than the 26.2 upload,good,low,possible,PILOT,HIGH,"Effortless Building has a stable 26.2 release and broad survival placement tools, including mirrors, arrays and undo. Its older source commit signal and server/admin distinction justify an assembled multiplayer pilot.",https://api.modrinth.com/v2/project/DYtfQEYj;https://api.modrinth.com/v2/project/DYtfQEYj/version?game_versions=%5B%2226.2%22%5D&loaders=%5B%22fabric%22%5D;https://bitbucket.org/Requios/effortless-building/src/master/;https://api.bitbucket.org/2.0/repositories/Requios/effortless-building;https://api.bitbucket.org/2.0/repositories/Requios/effortless-building/commits?pagelen=10;https://api.bitbucket.org/2.0/repositories/Requios/effortless-building/issues?pagelen=5
Litematica,bEpr0Arc,building/gathering,0.28.5 [Fhq3KCI8],26.2,fabric,client_only,release,2026-08-20T01:12:38.969277Z,2026-08-28,Modrinth metadata updated 2026-08-20; latest source commit 2026-08-28: Translated using Weblate (Dutch); recent issue records observed.,yes (public source link),LGPL-3.0-only,Redistribution is permitted under LGPL-3.0-only with notices and applicable source/relinking obligations.,MaLiLib,documented,partial,client-only,no,medium,"client schematic files and configuration, world unchanged until placement",low/medium,none,low,"AutoBuild, Axiom, Effortless Building",Easy Place can trigger anti-cheat or bans; requires MaLiLib; source reports shader and disconnect edge cases,strong,low,no,PILOT,HIGH,"Litematica has a stable 26.2 client release and an actively maintained source repository, making it the strongest schematic-preview candidate. Use preview and material-list features first, with Easy Place disabled until server policy is tested.",https://api.modrinth.com/v2/project/bEpr0Arc;https://api.modrinth.com/v2/project/bEpr0Arc/version?game_versions=%5B%2226.2%22%5D&loaders=%5B%22fabric%22%5D;https://github.com/sakura-ryoko/litematica;https://github.com/sakura-ryoko/litematica;https://api.github.com/repos/sakura-ryoko/litematica;https://api.github.com/repos/sakura-ryoko/litematica/commits?per_page=10;https://api.github.com/repos/sakura-ryoko/litematica/issues?state=all&per_page=5
Liteminer,VTnHoofC,building/gathering,4.1.2+26.2 [dK23TC0J],26.2,fabric,client_and_server,release,2026-07-28T00:41:33.026111Z,2026-07-27,Modrinth metadata updated 2026-07-28; latest source commit 2026-07-27: Finish the Liteminer TeaKit migration; recent issue records observed.,yes (public source link),MIT,Redistribution is generally permitted with the upstream copyright and licence notice retained.,Konfig; Amber,clear,partial,server and client,yes,medium,configuration and ordinary block changes,medium,none,low,MinersAdvantage,Requires Konfig and Amber; broad group breaking can amplify resource throughput and must not become hidden progression,good,low,possible,PILOT,HIGH,"Liteminer has a stable 26.2 release, current source work and explicit tag controls compatible with FTB Ultimine tags. Pilot vein/tree/group mining against equipment condition, permission and duplication rules.",https://api.modrinth.com/v2/project/VTnHoofC;https://api.modrinth.com/v2/project/VTnHoofC/version?game_versions=%5B%2226.2%22%5D&loaders=%5B%22fabric%22%5D;https://github.com/iamkaf/liteminer;https://github.com/iamkaf/liteminer;https://api.github.com/repos/iamkaf/liteminer;https://api.github.com/repos/iamkaf/liteminer/commits?per_page=10;https://api.github.com/repos/iamkaf/liteminer/issues?state=all&per_page=5
MinersAdvantage,VcTmRh04,building/gathering,2.22.0+26.2-fabric [6KojE9jd],26.2,fabric,client_and_server,release,2026-08-06T23:06:36.710799Z,2026-08-06,Modrinth metadata updated 2026-08-06; latest source commit 2026-08-06: 🐞fix: restore neoforge preview outline submission; recent issue records observed.,yes (public source link),MIT,Redistribution is generally permitted with the upstream copyright and licence notice retained.,Cloth Config API,clear,no,server and client,yes,high,configuration and ordinary block changes,medium,none,low,Liteminer,"New rewrite and low download signal; shaft mining, tree clearing and setting sync need duplication and permission tests",good,low,possible,COMPATIBILITY_SPIKE,MEDIUM,"MinersAdvantage has a 26.2 release and server-synchronised gameplay settings, but it is a recent full rewrite with low observed adoption. Compare it directly with Liteminer before selecting one excavation tool.",https://api.modrinth.com/v2/project/VcTmRh04;https://api.modrinth.com/v2/project/VcTmRh04/version?game_versions=%5B%2226.2%22%5D&loaders=%5B%22fabric%22%5D;https://github.com/DuelMonster/MinersAdvantage;https://github.com/DuelMonster/MinersAdvantage;https://api.github.com/repos/DuelMonster/MinersAdvantage;https://api.github.com/repos/DuelMonster/MinersAdvantage/commits?per_page=10;https://api.github.com/repos/DuelMonster/MinersAdvantage/issues?state=all&per_page=5
Dungeons and Taverns,tpehi7ww,exploration,5.3.1+mod [TaODUzQu],26.2,fabric,server_only,release,2026-08-27T16:06:58.906322Z,2026-08-27,Modrinth metadata updated 2026-08-27; no source_url supplied.,no (no source_url supplied),LicenseRef-All-Rights-Reserved (All rights reserved),All rights reserved; private development is not a redistribution grant. Obtain permission or replace before release.,None declared in selected version record,documented per-structure removal,no,server-side,yes,high,"generated structures, loot and map/trade content",very high,high,"moderate, exploration and loot overlap","Roguelike Dungeons, Structory, Towns and Towers, Moog structures",All-Rights-Reserved; no source_url; 2-in-1 mod/resource content and deletion of structure_set files require provenance and fresh-world policy,mixed,moderate,likely,DEFER,HIGH,"Dungeons and Taverns has a very recent 26.2 server release and a restrained-leaning vanilla style, but it is All-Rights-Reserved, has no source_url and adds a broad structure/loot/map layer. Defer until density and removal are tested on fresh worlds.",https://api.modrinth.com/v2/project/tpehi7ww;https://api.modrinth.com/v2/project/tpehi7ww/version?game_versions=%5B%2226.2%22%5D&loaders=%5B%22fabric%22%5D
MVS - Moog's Voyager Structures,OQAgZMH1,exploration,5.0.11 [cvepxaBC],26.2,fabric,server_only,release,2026-05-22T15:06:16.554307Z,2026-08-21,Modrinth metadata updated 2026-07-06; latest source commit 2026-08-21: Add supported_formats to pack.mcmeta so pack loads on MC 26.1.2+; issue endpoint HTTP 403.,yes (public source link),MIT,Redistribution is generally permitted with the upstream copyright and licence notice retained.,Moog's Structure Lib (moogs_structures),limited,no,server-side,yes,high,generated structures and loot,very high,high,"moderate, structure and loot overlap","Dungeons and Taverns, Roguelike Dungeons, Structory, Towns and Towers",Requires Moog's Structure Lib; broad structure count may make exploration a checklist and complicate existing-world rollout,good,low,possible,DEFER,HIGH,"Moog's Voyager Structures has a stable 26.2 server release, MIT licence and recent source changes, but its 130-plus structure scope is too broad for the conservative worldgen posture without density and overlap testing.",https://api.modrinth.com/v2/project/OQAgZMH1;https://api.modrinth.com/v2/project/OQAgZMH1/version?game_versions=%5B%2226.2%22%5D&loaders=%5B%22fabric%22%5D;https://github.com/Moog-s-Mods/MoogsVoyagerStructures;https://github.com/Moog-s-Mods/MoogsVoyagerStructures;https://api.github.com/repos/Moog-s-Mods/MoogsVoyagerStructures;https://api.github.com/repos/Moog-s-Mods/MoogsVoyagerStructures/commits?per_page=10;https://api.github.com/repos/Moog-s-Mods/MoogsVoyagerStructures/issues?state=all&per_page=5
Repurposed Structures - Fabric,muf0XoRe,exploration,7.7.6+26.2-fabric [CrmgMIJp],26.2,fabric,server_only,release,2026-08-20T01:35:53.805062Z,2026-08-20,Modrinth metadata updated 2026-08-20; no source_url supplied.,no (no source_url supplied),LGPL-3.0-only,Redistribution is permitted under LGPL-3.0-only with notices and applicable source/relinking obligations.,Fabric API; MidnightLib,documented,no,server-side,yes,high,generated structures and loot,very high,high,"moderate, structure and loot overlap","Dungeons and Taverns, Roguelike Dungeons, Structory, Towns and Towers",Requires Fabric API and MidnightLib; no source_url; do not add to existing-world baseline without chunk-generation tests,good,low,possible,DEFER,HIGH,"Repurposed Structures has a stable 26.2 server release and a long-running concept of vanilla structure variants, but its worldgen impact is high and no source_url is supplied. It needs a separate worldgen decision.",https://api.modrinth.com/v2/project/muf0XoRe;https://api.modrinth.com/v2/project/muf0XoRe/version?game_versions=%5B%2226.2%22%5D&loaders=%5B%22fabric%22%5D
Roguelike Dungeons,MFpvbNGE,exploration,fabric-2.1.2+mc26.2 [FIYUpGUY],26.2,fabric,server_only,release,2026-07-05T21:26:31.506186Z,2026-07-05,Modrinth metadata updated 2026-07-05; source repository push 2026-07-05; issue endpoint HTTP 403.,yes (public source link),GPL-3.0-only,Redistribution is permitted under GPL-3.0-only with notices and corresponding-source obligations as applicable.,Fabric API,documented,no,server-side,yes,high,generated dungeons and loot,very high,high,"high, repeatable loot and exploration overlap","Lootr, Dungeons and Taverns, other structure packs","Large procedural structures and randomized loot need bounded generation, spacing and unique-discovery review; current source commit signal was not returned by the checked endpoint",good,low,likely,COMPATIBILITY_SPIKE,HIGH,"Roguelike Dungeons has a stable 26.2 server release and a public source repository, but procedural dungeons and randomized loot can recreate repeatable loot farming. It requires an explicit parity and density spike.",https://api.modrinth.com/v2/project/MFpvbNGE;https://api.modrinth.com/v2/project/MFpvbNGE/version?game_versions=%5B%2226.2%22%5D&loaders=%5B%22fabric%22%5D;https://github.com/Greymerk/minecraft-roguelike;https://github.com/Greymerk/minecraft-roguelike;https://api.github.com/repos/Greymerk/minecraft-roguelike;https://api.github.com/repos/Greymerk/minecraft-roguelike/commits?per_page=10;https://api.github.com/repos/Greymerk/minecraft-roguelike/issues?state=all&per_page=5
Sparse Structures,qwvI41y9,exploration,3.1.4 [iPGkJT7H],26.2,fabric,server_only,release,2026-07-11T11:58:25.474721Z,2026-07-11,Modrinth metadata updated 2026-07-11; source repository metadata returned HTTP 403; issue endpoint HTTP 403.,yes (public source link),MIT,Redistribution is generally permitted with the upstream copyright and licence notice retained.,Fabric API,clear,no,server-side,yes,medium,configuration and structure placement rules,high,moderate,low,"All structure packs, especially Dungeons and Taverns and Roguelike Dungeons","Changes all structure spacing, including datapack structures; source endpoint returned limited metadata, so verify the exact build and seed behaviour",good,none,possible,PILOT,HIGH,"Sparse Structures is a focused 26.2 server tool that can reduce structure density across vanilla, datapack and modded structures. It is a useful conservative-control candidate, but must be tested after the chosen structure set is known.",https://api.modrinth.com/v2/project/qwvI41y9;https://api.modrinth.com/v2/project/qwvI41y9/version?game_versions=%5B%2226.2%22%5D&loaders=%5B%22fabric%22%5D;https://github.com/MaxenceDC/sparsestructures;https://github.com/MaxenceDC/sparsestructures;https://api.github.com/repos/MaxenceDC/sparsestructures;https://api.github.com/repos/MaxenceDC/sparsestructures/commits?per_page=10;https://api.github.com/repos/MaxenceDC/sparsestructures/issues?state=all&per_page=5;https://github.com/MaxenceDC/sparsestructures/blob/main/LICENSE
Structory,aKCwCJlY,exploration,1.3.17 [TUbwu7eG],26.2,fabric,server_only,release,2026-07-08T22:09:05.844755Z,2026-07-08,Modrinth metadata updated 2026-07-08; source repository metadata returned HTTP 403; recent issue records observed.,yes (public source link),LicenseRef-Stardust-Labs-License,Follow the Stardust Labs licence text and obtain a redistribution review before release.,None declared in selected version record,documented,no,server-side,yes,high,generated structures and loot,very high,high,"moderate, structure and discovery overlap","Dungeons and Taverns, Roguelike Dungeons, Towns and Towers, Moog structures",Custom Stardust Labs licence; structures added to existing worlds only affect new chunks; source API access was limited during this check,strong,low,possible,PILOT,HIGH,"Structory has a stable 26.2 server release, a public source link and documented removal of individual parts. Its atmospheric scope is more restrained than large dungeon packs, but custom licensing and chunk-generation effects still require a fresh-world pilot.",https://api.modrinth.com/v2/project/aKCwCJlY;https://api.modrinth.com/v2/project/aKCwCJlY/version?game_versions=%5B%2226.2%22%5D&loaders=%5B%22fabric%22%5D;https://github.com/Stardust-Labs-MC/Structory;https://github.com/Stardust-Labs-MC/Structory;https://api.github.com/repos/Stardust-Labs-MC/Structory;https://api.github.com/repos/Stardust-Labs-MC/Structory/commits?per_page=10;https://api.github.com/repos/Stardust-Labs-MC/Structory/issues?state=all&per_page=5;https://github.com/Stardust-Labs-MC/license/blob/main/license.txt
Towns and Towers,DjLobEOy,exploration,1.13.11 [eN3WLQ3P],26.2,fabric,server_only_client_optional,release,2026-04-06T18:55:24.104421Z,2026-08-15,Modrinth metadata updated 2026-08-15; no source_url supplied.,no (no source_url supplied),CC-BY-NC-SA-4.0,"Attribution, non-commercial use and share-alike obligations apply; review pack distribution and adaptations.",Cristel Lib,limited,no,server with optional client,yes,high,"generated villages, ships and structures",very high,high,"moderate, settlement and structure overlap","Dungeons and Taverns, Structory, Repurposed Structures, Moog structures",CC-BY-NC-SA-4.0; no source_url; exact 26.2 release is older than the newest project upload and needs provenance verification,mixed,low,likely,DEFER,HIGH,"Towns and Towers has a real 26.2 server-compatible release, but the selected build dates from April, the project has no source_url, and its CC-BY-NC-SA structures overlap heavily with other worldgen candidates.",https://api.modrinth.com/v2/project/DjLobEOy;https://api.modrinth.com/v2/project/DjLobEOy/version?game_versions=%5B%2226.2%22%5D&loaders=%5B%22fabric%22%5D
Better Combat,5sy6g3kz,framework,3.2.2+26.2-fabric [enlZuzkJ],26.2,fabric,client_and_server,release,2026-07-22T14:02:47.398670Z,2026-07-31,Modrinth metadata updated 2026-07-22; latest source commit 2026-07-31: Merge pull request #613 from Ch1sho/patch-1; issue endpoint HTTP 403.,yes (public source link),LicenseRef-All-Rights-Reserved (All rights reserved),All rights reserved; private development is not a redistribution grant. Obtain permission or replace before release.,Player Animation Library; Fabric API; Cloth Config API,documented,partial,server and client,yes,high,configuration and weapon/combat behaviour,high,none,"moderate, combat and weapon overlap","Matcha combat, animation libraries","All-Rights-Reserved; requires Player Animation Library, Fabric API and Cloth Config API; broad attack changes need weapon compatibility review",good,low,possible,COMPATIBILITY_SPIKE,HIGH,"Better Combat has a stable 26.2 release and active source work, but its broad melee overhaul and All-Rights-Reserved licence make it a combat conversion candidate rather than a harmless framework. Test against Matcha weapons and ordinary survival first.",https://api.modrinth.com/v2/project/5sy6g3kz;https://api.modrinth.com/v2/project/5sy6g3kz/version?game_versions=%5B%2226.2%22%5D&loaders=%5B%22fabric%22%5D;https://github.com/ZsoltMolnarrr/BetterCombat;https://github.com/ZsoltMolnarrr/BetterCombat;https://api.github.com/repos/ZsoltMolnarrr/BetterCombat;https://api.github.com/repos/ZsoltMolnarrr/BetterCombat/commits?per_page=10;https://api.github.com/repos/ZsoltMolnarrr/BetterCombat/issues?state=all&per_page=5
Blueprint (API),9iM1qJq3,framework,No 26.2 Fabric release. Newest observed: 1.17.9+1.21.11 [VsOCWDHW],1.21.11,fabric,client_or_server_prefers_both,release,2026-01-04T19:25:54.927123Z,2026-01-04,Modrinth metadata updated 2026-01-04; latest source commit 2026-01-04: chore: 1.21.11; issue endpoint HTTP 403.,yes (public source link),MIT,Redistribution is generally permitted with the upstream copyright and licence notice retained.,Fabric Language Kotlin; Fabric API; Slate,documented,yes,client and server,yes,high,blueprint files and saved structure editor state,high,none,low,"Litematica, AutoBuild, Axiom, building APIs","No 26.2 Fabric release observed; requires Fabric Language Kotlin, Fabric API and Slate in the newest observed build",good,none,possible,DEFER,HIGH,"Blueprint is a real structure API with a public Maven/source surface, but the newest observed Fabric release is 1.21.11 and requires Fabric Language Kotlin and Slate. It is not a 26.2 candidate yet. No 26.2 Fabric release was observed, so the newest compatible record is shown without substitution.",https://api.modrinth.com/v2/project/9iM1qJq3;https://api.modrinth.com/v2/project/9iM1qJq3/version?loaders=%5B%22fabric%22%5D;https://github.com/mcbrawls/blueprint;https://github.com/mcbrawls/blueprint;https://api.github.com/repos/mcbrawls/blueprint;https://api.github.com/repos/mcbrawls/blueprint/commits?per_page=10;https://api.github.com/repos/mcbrawls/blueprint/issues?state=all&per_page=5
Field journal,YKY6dEN5,framework,"V1 [Favlvt7I] (datapack, not a Fabric mod)",26.1.2 and earlier listed versions,datapack,server datapack,release,2026-04-12T11:40:22.536807Z,2026-04-12,Modrinth metadata updated 2026-04-12; no source_url supplied.,no (no source_url supplied),Apache-2.0,"Redistribution is permitted under Apache-2.0 with notices, attribution and licence text retained.",None declared in selected version record,none,no,server datapack,yes,low,player discovery/advancement data,high,none,"moderate, exploration discovery overlap","Many Roads unified Field Journal, guide frameworks, advancement surfaces","Datapack only, no Fabric loader; automatic toast notifications and six-book crafting compete with the unified knowledge contract",limited,high,no,REJECT,HIGH,Field journal is a datapack rather than a Fabric mod and its automatic rare-biome toasts duplicate the intended unified Field Journal surface. It has no 26.2 Fabric release and would add disconnected discovery noise.,https://api.modrinth.com/v2/project/YKY6dEN5;https://api.modrinth.com/v2/project/YKY6dEN5/version?limit=100
GuideME,Ck4E7v7R,framework,No Fabric release observed; newest project metadata reaches 26.1.2 on Forge/NeoForge,26.1.2 (Forge/NeoForge project metadata),"forge,neoforge (not Fabric)",client and server,not applicable to Fabric,unknown,2026-08-15,Modrinth metadata updated 2026-07-12; source repository push 2026-08-15; issue endpoint HTTP 403.,yes (public source link),LicenseRef-Multiple-OSS-Licenses,Follow each bundled open-source licence and retain all notices and attribution material.,No Fabric version record,documented,yes,server and client,yes,medium,guide content and book configuration,medium,none,"low, documentation surface only","Modonomicon, Patchouli, GuideNH",No Fabric release observed; project metadata lists Forge/NeoForge; would require a loader decision before any spike,strong,high,possible,DEFER,HIGH,"GuideME provides a strong Markdown, recipe and 3D-scene API, but Modrinth lists Forge/NeoForge rather than Fabric and no Fabric version was observed. It remains an alternative design reference, not a 26.2 dependency.",https://api.modrinth.com/v2/project/Ck4E7v7R;https://api.modrinth.com/v2/project/Ck4E7v7R/version?loaders=%5B%22fabric%22%5D;https://github.com/AppliedEnergistics/GuideME/;https://github.com/AppliedEnergistics/GuideME;https://api.github.com/repos/AppliedEnergistics/GuideME;https://api.github.com/repos/AppliedEnergistics/GuideME/commits?per_page=10;https://api.github.com/repos/AppliedEnergistics/GuideME/issues?state=all&per_page=5;https://github.com/AppliedEnergistics/GuideME/blob/main/LICENSE.MD
GuideNH,pbqQIzo4,framework,"1.3.14 [wnkhpOLC] (Forge 1.7.10, not Fabric)",1.7.10,forge (not Fabric),client and server,release,2026-07-12T04:49:34.398133Z,2026-07-12,Modrinth metadata updated 2026-07-12; source repository metadata returned HTTP 403; issue endpoint HTTP 403.,yes (public source link),LGPL-3.0-only,Redistribution is permitted under LGPL-3.0-only with notices and applicable source/relinking obligations.,None declared in selected version record,documented,yes,server and client,yes,unknown/high,guide content and book configuration,medium,none,low,"GuideME, Modonomicon, Patchouli",Newest observed release is Forge 1.7.10; similarly named but not a maintained Fabric 26.2 substitute,limited,high,no,REJECT,HIGH,GuideNH is an actively uploaded but Forge-only 1.7.10 project in the observed Modrinth record. It is not a credible 26.2 Fabric candidate and should not be mistaken for the similarly named GuideME ecosystem.,https://api.modrinth.com/v2/project/pbqQIzo4;https://api.modrinth.com/v2/project/pbqQIzo4/version?limit=100;https://github.com/GTNewHorizons/GuideNH;https://github.com/GTNewHorizons/GuideNH;https://api.github.com/repos/GTNewHorizons/GuideNH;https://api.github.com/repos/GTNewHorizons/GuideNH/commits?per_page=10;https://api.github.com/repos/GTNewHorizons/GuideNH/issues?state=all&per_page=5
Lootr,EltpO5cN,framework,1.24.39.121 [k00AgeE7],26.2,fabric,client_and_server,release,2026-07-28T13:46:31.585880Z,2026-08-21,Modrinth metadata updated 2026-08-21; source repository metadata returned HTTP 403; recent issue records observed.,yes (public source link),MIT,Redistribution is generally permitted with the upstream copyright and licence notice retained.,Fabric API,documented,partial,server and client,yes,high,per-player loot and persistent container state,very high,"none, but structure integration is broad","high, loot and multiplayer exploration overlap","Roguelike Dungeons, Dungeons and Taverns and other structure packs","Per-player loot can undermine shared landmark meaning; test duplicate chests, hopper interaction, restart recovery and structure compatibility",good,low,likely,PILOT,HIGH,"Lootr has a stable 26.2 release, MIT licence and public issue handling. Its per-player loot state could support multiplayer exploration, but it changes persistent container semantics and must be tested with the chosen structure set and Matcha.",https://api.modrinth.com/v2/project/EltpO5cN;https://api.modrinth.com/v2/project/EltpO5cN/version?game_versions=%5B%2226.2%22%5D&loaders=%5B%22fabric%22%5D;https://github.com/noobanidus/lootr;https://github.com/noobanidus/lootr;https://api.github.com/repos/noobanidus/lootr;https://api.github.com/repos/noobanidus/lootr/commits?per_page=10;https://api.github.com/repos/noobanidus/lootr/issues?state=all&per_page=5
Modonomicon,692GClaE,framework,26.2-2.4.0 [VI4rtcu3],26.2,fabric,client_and_server,release,2026-08-08T06:55:29.873818Z,2026-08-08,Modrinth metadata updated 2026-08-08; source repository push 2026-08-08; issue endpoint HTTP 403.,yes (public source link),MIT AND CC-BY-4.0,Retain MIT notices and provide CC-BY-4.0 attribution for the covered material.,Just Enough Items (JEI) (optional),documented,yes,server and client,yes,medium,"guide content, book items and configuration",high,none,"low, documentation surface only","Patchouli, GuideME, Field journal, Icy's Better Horses",Creates a separate guidebook surface; mixed MIT AND CC-BY-4.0 licence; required by Icy's Better Horses in its 26.2 record,strong,high,possible,COMPATIBILITY_SPIKE,HIGH,"Modonomicon has a stable 26.2 release and a documented data/API surface, but it creates another book UI and its mixed MIT/CC-BY-4.0 licensing needs provenance review. Spike it only as a possible Field Journal substrate.",https://api.modrinth.com/v2/project/692GClaE;https://api.modrinth.com/v2/project/692GClaE/version?game_versions=%5B%2226.2%22%5D&loaders=%5B%22fabric%22%5D;https://github.com/klikli-dev/modonomicon;https://github.com/klikli-dev/modonomicon;https://api.github.com/repos/klikli-dev/modonomicon;https://api.github.com/repos/klikli-dev/modonomicon/commits?per_page=10;https://api.github.com/repos/klikli-dev/modonomicon/issues?state=all&per_page=5;https://github.com/klikli-dev/modonomicon#licensing
Patchouli,nU0bVIaL,framework,No 26.2 Fabric release. Newest observed: 26.1-94-beta [AveV4Tjn],"26.1, 26.1.1, 26.1.2",fabric,client_and_server,beta,2026-07-10T06:27:30.378247Z,2026-07-10,Modrinth metadata updated 2026-07-10; source repository push 2026-07-10; recent issue records observed.,yes (public source link),CC-BY-NC-SA-3.0,"Attribution, non-commercial use and share-alike obligations apply; review pack distribution and adaptations.",Fabric API,documented,yes,server and client,yes,medium,"guide content, book items and configuration",high,none,"low, documentation surface only","Modonomicon, GuideME, Field journal",No 26.2 Fabric release observed; CC-BY-NC-SA-3.0; advancement-driven unlocking may conflict with Principle 2 if not curated,strong,high,possible,DEFER,HIGH,"Patchouli remains a mature data-driven guide framework with a public API, but the newest observed Fabric build is a 26.1 beta. Its advancement-driven books also risk duplicating the unified Field Journal. No 26.2 Fabric release was observed, so the newest compatible record is shown without substitution.",https://api.modrinth.com/v2/project/nU0bVIaL;https://api.modrinth.com/v2/project/nU0bVIaL/version?loaders=%5B%22fabric%22%5D;https://github.com/VazkiiMods/Patchouli/;https://github.com/VazkiiMods/Patchouli;https://api.github.com/repos/VazkiiMods/Patchouli;https://api.github.com/repos/VazkiiMods/Patchouli/commits?per_page=10;https://api.github.com/repos/VazkiiMods/Patchouli/issues?state=all&per_page=5
Pufferfish's Skills,hqQqvaa4,framework,0.18.3 [GxnNQdFo],26.2,fabric,client_and_server,beta,2026-07-31T14:07:22.614609Z,2026-07-31,Modrinth metadata updated 2026-07-31; source repository push 2026-07-31; issue endpoint HTTP 403.,yes (public source link),LicenseRef-Custom,Follow the custom licence URL supplied by the project and obtain a redistribution review before release.,Fabric API,clear/editor-backed,yes,server and client,yes,high,player skill trees and progression,very high,none,"high, direct mastery/progression overlap","Future mastery system, Modonomicon and skill-tree addons",Beta release; custom licence; framework alone has no player content and can introduce an MMO-style progression surface contrary to the current design,strong,high,likely,COMPATIBILITY_SPIKE,HIGH,"Pufferfish's Skills has a real 26.2 beta, an editor and an explicit API, but it is a progression framework that needs separate skill-tree content and overlaps the future mastery contract. It requires a design spike, not default inclusion.",https://api.modrinth.com/v2/project/hqQqvaa4;https://api.modrinth.com/v2/project/hqQqvaa4/version?game_versions=%5B%2226.2%22%5D&loaders=%5B%22fabric%22%5D;https://github.com/pufmat/skillsmod;https://github.com/pufmat/skillsmod;https://api.github.com/repos/pufmat/skillsmod;https://api.github.com/repos/pufmat/skillsmod/commits?per_page=10;https://api.github.com/repos/pufmat/skillsmod/issues?state=all&per_page=5;https://github.com/pufmat/skillsmod/wiki/License
Simple Smithing Overhaul,U5TJjZc3,framework,2.9.10+26.2-fabric [GG4f5wOP],26.2,fabric,client_and_server,release,2026-08-11T17:13:47.661656Z,2026-08-11,Modrinth metadata updated 2026-08-11; source repository push 2026-08-11; issue endpoint HTTP 403.,yes (public source link),MIT,Redistribution is generally permitted with the upstream copyright and licence notice retained.,Defaulted; Fzzy Config; Fabric API; mixson,clear,no,server and client,yes,high,"recipes, smithing rules, advancements and item outcomes",high,none,"high, direct equipment and repair overlap","Future equipment repair/reforging, Matcha equipment mechanics","Requires Defaulted, Fzzy Config, Fabric API and mixson; changes acquisition and repair balance and adds advancement-led onboarding",good,high,likely,COMPATIBILITY_SPIKE,HIGH,"Simple Smithing Overhaul has a stable 26.2 release and directly addresses repair, smithing and enchantment access. Its changes overlap the accepted equipment/repair model and include an advancement tree, so it requires a controlled comparison rather than adoption by name.",https://api.modrinth.com/v2/project/U5TJjZc3;https://api.modrinth.com/v2/project/U5TJjZc3/version?game_versions=%5B%2226.2%22%5D&loaders=%5B%22fabric%22%5D;https://github.com/pajicadvance/simple-smithing-overhaul;https://github.com/pajicadvance/simple-smithing-overhaul;https://api.github.com/repos/pajicadvance/simple-smithing-overhaul;https://api.github.com/repos/pajicadvance/simple-smithing-overhaul/commits?per_page=10;https://api.github.com/repos/pajicadvance/simple-smithing-overhaul/issues?state=all&per_page=5
Villager API,9Tp2Becg,framework,1.26.7.1 [QmtHsEEy],26.2,fabric,client_and_server,release,2026-07-05T13:30:17.366633Z,2026-01-15,Modrinth metadata updated 2026-07-05; latest source commit 2026-01-15: Initial upload; recent issue records observed.,yes (public source link),LGPL-3.0-only,Redistribution is permitted under LGPL-3.0-only with notices and applicable source/relinking obligations.,Fabric API,documented JSON,yes,server and client,yes,high,"villager professions, types and trades",very high,low,"moderate, villager and trade overlap","Future career system, Matcha villager/trade mechanics",Latest source commit signal was January 2026; issue records include /reload trade loss and malformed-provider reports; removal requires villager migration,good,low,likely,COMPATIBILITY_SPIKE,HIGH,"Villager API offers a public data-driven profession, biome type and trade framework on 26.2. It is a credible foundation for future careers, but villager persistence and the source issue history require a dedicated authority and migration spike.",https://api.modrinth.com/v2/project/9Tp2Becg;https://api.modrinth.com/v2/project/9Tp2Becg/version?game_versions=%5B%2226.2%22%5D&loaders=%5B%22fabric%22%5D;https://github.com/frikinjay/villagerapi;https://github.com/frikinjay/villagerapi;https://api.github.com/repos/frikinjay/villagerapi;https://api.github.com/repos/frikinjay/villagerapi/commits?per_page=10;https://api.github.com/repos/frikinjay/villagerapi/issues?state=all&per_page=5
Concurrent Chunk Management Engine (Fabric),VSNURh3q,information/performance,0.4.2-alpha.0.43+26.2 [jSMMstCy],26.2,fabric,server_only_client_optional,alpha,2026-08-14T11:00:21.741627Z,2026-08-16,Modrinth metadata updated 2026-08-25; latest source commit 2026-08-16: Fill float for constant F32 multi delegates (#585) [ci skip]; recent issue records observed.,yes (public source link),MIT,Redistribution is generally permitted with the upstream copyright and licence notice retained.,None declared in selected version record,detailed/high-risk,no,"server-side, clients optional",yes,very high,none documented beyond configuration,medium,moderate,"low, worldgen interaction unverified","Lithium, FerriteCore, Sodium, structure packs",26.2 alpha; test with every worldgen/structure dependency before inclusion,good,none,possible,COMPATIBILITY_SPIKE,HIGH,A real 26.2 Fabric alpha exists and the project publishes current chunk-performance work. The async chunk and generation path is valuable but too invasive for an untested baseline.,https://api.modrinth.com/v2/project/VSNURh3q;https://api.modrinth.com/v2/project/VSNURh3q/version?game_versions=%5B%2226.2%22%5D&loaders=%5B%22fabric%22%5D;https://github.com/RelativityMC/C2ME-fabric;https://github.com/RelativityMC/C2ME-fabric;https://api.github.com/repos/RelativityMC/C2ME-fabric;https://api.github.com/repos/RelativityMC/C2ME-fabric/commits?per_page=10;https://api.github.com/repos/RelativityMC/C2ME-fabric/issues?state=all&per_page=5
EMI,fRiHVvU7,information/performance,No 26.2 Fabric release. Newest observed: 1.1.24+1.21.1+fabric [on5GT1qh],1.21.1,fabric,client_only_server_optional,release,2026-05-13T06:21:13.679362Z,2026-08-18,Modrinth metadata updated 2026-05-13; latest source commit 2026-08-18: Introduce some abstractions; recent issue records observed.,yes (public source link),MIT,Redistribution is generally permitted with the upstream copyright and licence notice retained.,None declared in selected version record,clear,yes,"client-only, server optional",optional,low,client configuration and favourites only,low,none,"low, recipes would expose Matcha content",Roughly Enough Items (REI),No 26.2 Fabric release observed; do not substitute the 1.21.1 build,strong,low,no,DEFER,HIGH,"EMI is a strong documented recipe-viewer alternative with an active source repository, but the latest observed Fabric release is for 1.21.1 rather than 26.2. No 26.2 Fabric release was observed, so the newest compatible record is shown without substitution.",https://api.modrinth.com/v2/project/fRiHVvU7;https://api.modrinth.com/v2/project/fRiHVvU7/version?loaders=%5B%22fabric%22%5D;https://github.com/emilyploszaj/emi/;https://github.com/emilyploszaj/emi;https://api.github.com/repos/emilyploszaj/emi;https://api.github.com/repos/emilyploszaj/emi/commits?per_page=10;https://api.github.com/repos/emilyploszaj/emi/issues?state=all&per_page=5
Entity Culling,NNAgCjsB,information/performance,1.10.5 [iiF6U3Ne],26.2,fabric,client_only,release,2026-06-20T14:43:52.362716Z,2026-08-22,"Modrinth metadata updated 2026-06-20; latest source commit 2026-08-22: Formatting, optimize icon #309; recent issue records observed.",yes (public source link),LicenseRef-tr7zw-Protective-License,Project terms permit Modrinth/CurseForge-hosted modpacks but restrict other JAR redistribution; verify the exact licence text.,Fabric API,clear,no,client-only,no,medium,client configuration only,low,none,none identified,"Sodium, ImmediatelyFast, FerriteCore",Protective licence says Modrinth/CurseForge-hosted modpacks are allowed but JAR redistribution elsewhere is not; whitelist Matcha and modded block entities during testing,good,none,no,PILOT,HIGH,"The 26.2 release and active issue handling make it a plausible client optimisation, but the project licence explicitly restricts JAR redistribution and culling must be tested against visual correctness.",https://api.modrinth.com/v2/project/NNAgCjsB;https://api.modrinth.com/v2/project/NNAgCjsB/version?game_versions=%5B%2226.2%22%5D&loaders=%5B%22fabric%22%5D;https://github.com/tr7zw/EntityCulling;https://github.com/tr7zw/EntityCulling;https://api.github.com/repos/tr7zw/EntityCulling;https://api.github.com/repos/tr7zw/EntityCulling/commits?per_page=10;https://api.github.com/repos/tr7zw/EntityCulling/issues?state=all&per_page=5;https://github.com/tr7zw/EntityCulling/blob/1.18/LICENSE-EntityCulling
FerriteCore,uXXizFIs,information/performance,9.0.0-fabric [d5ddUdiB],26.2,fabric,client_or_server,release,2026-03-24T18:31:50.491773Z,2026-03-24,Modrinth metadata updated 2026-03-24; latest source commit 2026-03-24: Build 9.0.0; recent issue records observed.,yes (public source link),MIT,Redistribution is generally permitted with the upstream copyright and licence notice retained.,None declared in selected version record,limited/mostly automatic,no,client and server,yes,low,none documented beyond configuration,low,none,none identified,"Lithium, C2ME, Sodium",Validate memory and startup behaviour in the assembled pack rather than relying on headline benchmarks,good,none,no,ADOPT_BASELINE,HIGH,"The 26.2 release is stable, the source is public, and the mod describes bounded memory optimisations without a gameplay API or worldgen feature.",https://api.modrinth.com/v2/project/uXXizFIs;https://api.modrinth.com/v2/project/uXXizFIs/version?game_versions=%5B%2226.2%22%5D&loaders=%5B%22fabric%22%5D;https://github.com/malte0811/FerriteCore;https://github.com/malte0811/FerriteCore;https://api.github.com/repos/malte0811/FerriteCore;https://api.github.com/repos/malte0811/FerriteCore/commits?per_page=10;https://api.github.com/repos/malte0811/FerriteCore/issues?state=all&per_page=5
ImmediatelyFast,5ZwdcRci,information/performance,1.16.4+26.2-fabric [vkW9vHhp],26.2,fabric,client_only,release,2026-08-27T20:23:38.415352Z,2026-08-27,Modrinth metadata updated 2026-08-27; latest source commit 2026-08-27: Bump version to 1.16.5-SNAPSHOT; recent issue records observed.,yes (public source link),LGPL-3.0-or-later,Redistribution is permitted under LGPL terms with notices and applicable source/relinking obligations.,None declared in selected version record,clear,no,client-only,no,low,client configuration only,low,none,none identified,"Sodium, Entity Culling","Client rendering changes still need a smoke test with REI, Jade, Litematica and resource packs",good,none,no,ADOPT_BASELINE,HIGH,A current stable 26.2 client release and an active source repository make this a low-surface rendering optimisation candidate for the baseline.,https://api.modrinth.com/v2/project/5ZwdcRci;https://api.modrinth.com/v2/project/5ZwdcRci/version?game_versions=%5B%2226.2%22%5D&loaders=%5B%22fabric%22%5D;https://github.com/RaphiMC/ImmediatelyFast;https://github.com/RaphiMC/ImmediatelyFast;https://api.github.com/repos/RaphiMC/ImmediatelyFast;https://api.github.com/repos/RaphiMC/ImmediatelyFast/commits?per_page=10;https://api.github.com/repos/RaphiMC/ImmediatelyFast/issues?state=all&per_page=5
Jade 🔍,nvQzSEkH,information/performance,26.2.11+fabric [ue8CO97w],26.2,fabric,client_or_server_prefers_both,release,2026-08-15T00:01:23.656205Z,2026-08-24,Modrinth metadata updated 2026-08-28; latest source commit 2026-08-24: fix: #804; recent issue records observed.,yes (public source link),CC-BY-NC-SA-4.0,"Attribution, non-commercial use and share-alike obligations apply; review pack distribution and adaptations.",Just Enough Items (JEI) (optional); Fabric API,clear,yes,client with optional server support,optional,low,client configuration only,low,none,"low, presentation of Matcha items is possible",None direct; recipe viewers are adjacent information surfaces,CC-BY-NC-SA-4.0 obligations; server-side detail depends on the matching server integration,strong,low,possible,ADOPT_BASELINE,HIGH,"LAB-01 verified on a dedicated server built from the exported .mrpack: loads clean, no Matcha conflict, identical recipe and advancement counts with and without it, and safe removal. See labs/results/LAB-01-information-and-onboarding.md. Jade has a stable 26.2 release, an explicit API focus, and very recent source and issue activity. Pilot it for contextual information while checking custom Matcha identities and the CC-BY-NC-SA redistribution terms.",https://api.modrinth.com/v2/project/nvQzSEkH;https://api.modrinth.com/v2/project/nvQzSEkH/version?game_versions=%5B%2226.2%22%5D&loaders=%5B%22fabric%22%5D;https://github.com/Snownee/Jade;https://github.com/Snownee/Jade;https://api.github.com/repos/Snownee/Jade;https://api.github.com/repos/Snownee/Jade/commits?per_page=10;https://api.github.com/repos/Snownee/Jade/issues?state=all&per_page=5
Lithium,gvQqBUqZ,information/performance,mc26.2-0.25.3-fabric [f7vZ0VWU],26.2,fabric,client_or_server_prefers_both,release,2026-07-29T12:19:55.348704Z,2026-08-10,Modrinth metadata updated 2026-07-29; latest source commit 2026-08-10: Change updateOnClear injection point to HEAD; recent issue records observed.,yes (public source link),LGPL-3.0-only,Redistribution is permitted under LGPL-3.0-only with notices and applicable source/relinking obligations.,None declared in selected version record,documented,no,client and server,yes,low/medium,none documented beyond configuration,low,none,none identified,"FerriteCore, C2ME",Run the dedicated-server and mod-interaction smoke tests because optimisation patches can expose edge cases,strong,none,no,ADOPT_BASELINE,HIGH,"Lithium provides a stable 26.2 release, active maintenance, and a documented goal of preserving vanilla mechanics on both client and server.",https://api.modrinth.com/v2/project/gvQqBUqZ;https://api.modrinth.com/v2/project/gvQqBUqZ/version?game_versions=%5B%2226.2%22%5D&loaders=%5B%22fabric%22%5D;https://github.com/caffeinemc/lithium-fabric;https://github.com/caffeinemc/lithium-fabric;https://api.github.com/repos/caffeinemc/lithium-fabric;https://api.github.com/repos/caffeinemc/lithium-fabric/commits?per_page=10;https://api.github.com/repos/caffeinemc/lithium-fabric/issues?state=all&per_page=5
Mod Menu,mOgUt4GM,information/performance,20.0.1 [njXb639R],26.2,fabric,client_only,release,2026-07-09T21:54:21.377948Z,2026-07-23,Modrinth metadata updated 2026-08-10; latest source commit 2026-07-23: Update to 26.3-snapshot-5.; recent issue records observed.,yes (public source link),MIT,Redistribution is generally permitted with the upstream copyright and licence notice retained.,Fabric API; Text Placeholder API,clear,partial,client-only,no,low,client configuration only,low,none,none identified,None direct,Requires Fabric API and Text Placeholder API in the selected version; no server gameplay authority,strong,none,no,ADOPT_BASELINE,HIGH,"Mod Menu has a stable 26.2 client release, a public source repository, and a narrow role for discovering and configuring installed mods.",https://api.modrinth.com/v2/project/mOgUt4GM;https://api.modrinth.com/v2/project/mOgUt4GM/version?game_versions=%5B%2226.2%22%5D&loaders=%5B%22fabric%22%5D;https://github.com/TerraformersMC/ModMenu;https://github.com/TerraformersMC/ModMenu;https://api.github.com/repos/TerraformersMC/ModMenu;https://api.github.com/repos/TerraformersMC/ModMenu/commits?per_page=10;https://api.github.com/repos/TerraformersMC/ModMenu/issues?state=all&per_page=5
Roughly Enough Items (REI),nfn13YXA,information/performance,26.2.820+fabric [4o0NSIMj],26.2,fabric,client_or_server_prefers_both,release,2026-06-18T09:37:54.945Z,2026-07-29,Modrinth metadata updated 2026-06-18; latest source commit 2026-07-29: Disabled local fallback not loading recipes for server-sent packets + added dedup for display creati; recent issue records observed.,yes (public source link),MIT,Redistribution is generally permitted with the upstream copyright and licence notice retained.,Architectury API; Fabric API; Cloth Config API,documented,yes,client and server,yes,low/medium,client configuration and favourites only,low,none,"low, exposes Matcha recipes without owning them",EMI,"Choose one primary recipe viewer; selected release requires Architectury API, Fabric API and Cloth Config API",strong,low,no,ADOPT_BASELINE,HIGH,"LAB-01 verified on a dedicated server built from the exported .mrpack: loads clean, no Matcha conflict, identical recipe and advancement counts with and without it, and safe removal. See labs/results/LAB-01-information-and-onboarding.md. REI is the strongest 26.2 recipe-viewer baseline found: a stable Fabric release, public API documentation, and active source changes including a 26.2 migration.",https://api.modrinth.com/v2/project/nfn13YXA;https://api.modrinth.com/v2/project/nfn13YXA/version?game_versions=%5B%2226.2%22%5D&loaders=%5B%22fabric%22%5D;https://github.com/shedaniel/RoughlyEnoughItems;https://github.com/shedaniel/RoughlyEnoughItems;https://api.github.com/repos/shedaniel/RoughlyEnoughItems;https://api.github.com/repos/shedaniel/RoughlyEnoughItems/commits?per_page=10;https://api.github.com/repos/shedaniel/RoughlyEnoughItems/issues?state=all&per_page=5
Sodium,AANobbMI,information/performance,mc26.2-0.9.2-alpha.4-fabric [a9YZH3ip],26.2,fabric,client_only,alpha,2026-08-07T00:44:20.437948Z,2026-08-07,Modrinth metadata updated 2026-08-07; latest source commit 2026-08-07: Bump version to 0.9.2-alpha.4 and update changelog; recent issue records observed.,yes (public source link),LicenseRef-Polyform-Shield-1.0.0,"Polyform Shield terms apply; verify hosting, redistribution and commercial-use restrictions before release.",None declared in selected version record,clear,partial,client-only,no,medium,client configuration only,low,none,none identified,"ImmediatelyFast, Entity Culling, FerriteCore, Litematica","26.2 alpha; test Iris, Litematica, Jade, REI and custom resource-pack rendering; Polyform Shield terms require review",strong,none,possible,PILOT,HIGH,"Sodium has a real 26.2 build and exceptionally active maintenance, but the observed build is alpha. Pilot it with the pack render stack rather than calling alpha support a stable baseline.",https://api.modrinth.com/v2/project/AANobbMI;https://api.modrinth.com/v2/project/AANobbMI/version?game_versions=%5B%2226.2%22%5D&loaders=%5B%22fabric%22%5D;https://github.com/CaffeineMC/sodium;https://github.com/CaffeineMC/sodium;https://api.github.com/repos/CaffeineMC/sodium;https://api.github.com/repos/CaffeineMC/sodium/commits?per_page=10;https://api.github.com/repos/CaffeineMC/sodium/issues?state=all&per_page=5;https://github.com/CaffeineMC/sodium/blob/dev/LICENSE.md
spark,l6YH9Als,information/performance,1.10.173-fabric [iYFOl6lQ],26.2,fabric,client_or_server,release,2026-06-18T21:12:12.918302Z,2026-08-25,Modrinth metadata updated 2026-06-18; latest source commit 2026-08-25: TickStatistics extend AutoClosable; recent issue records observed.,yes (public source link),GPL-3.0-only,Redistribution is permitted under GPL-3.0-only with notices and corresponding-source obligations as applicable.,None declared in selected version record,clear,partial,client and server,yes,"low while inactive, medium during profiles",none documented beyond configuration,low,none,none identified,None direct,GPL-3.0-only; profiling commands can add load while active and should not be mistaken for normal runtime cost,strong,none,no,ADOPT_BASELINE,HIGH,"spark has a stable 26.2 release, current source commits and documented server profiling workflows. It is useful as an audit tool rather than a player progression feature.",https://api.modrinth.com/v2/project/l6YH9Als;https://api.modrinth.com/v2/project/l6YH9Als/version?game_versions=%5B%2226.2%22%5D&loaders=%5B%22fabric%22%5D;https://github.com/lucko/spark;https://github.com/lucko/spark;https://api.github.com/repos/lucko/spark;https://api.github.com/repos/lucko/spark/commits?per_page=10;https://api.github.com/repos/lucko/spark/issues?state=all&per_page=5;https://github.com/lucko/spark/blob/master/LICENSE.txt
Cooking for Blockheads,vJnhuDde,lifestyle,26.2.0.3+fabric-26.2 [4ajPEtRY],26.2,fabric,client_and_server,release,2026-08-21T06:03:30.423886Z,2026-08-22,Modrinth metadata updated 2026-08-21; latest source commit 2026-08-22: chore: Regenerate data; recent issue records observed.,yes (public source link),LicenseRef-All-Rights-Reserved (All rights reserved),All rights reserved; private development is not a redistribution grant. Obtain permission or replace before release.,Balm; Fabric API,clear,no,server and client,yes,medium,kitchen blocks and inventories,high,none,"moderate, food and recipe overlap","Farmer's Delight Refabricated, Tom's Simple Storage",All-Rights-Reserved with separate permissions page; kitchen cupboards and ingredient discovery may duplicate warehouse/storage goals,good,low,likely,COMPATIBILITY_SPIKE,HIGH,"Cooking for Blockheads has a stable 26.2 build and a clear kitchen inventory interface, but its All-Rights-Reserved licence and storage-like network overlap make it a spike rather than an automatic food baseline.",https://api.modrinth.com/v2/project/vJnhuDde;https://api.modrinth.com/v2/project/vJnhuDde/version?game_versions=%5B%2226.2%22%5D&loaders=%5B%22fabric%22%5D;https://github.com/TwelveIterations/CookingForBlockheads;https://github.com/TwelveIterations/CookingForBlockheads;https://api.github.com/repos/TwelveIterations/CookingForBlockheads;https://api.github.com/repos/TwelveIterations/CookingForBlockheads/commits?per_page=10;https://api.github.com/repos/TwelveIterations/CookingForBlockheads/issues?state=all&per_page=5;https://mods.twelveiterations.com/permissions
Farmer's Delight Refabricated,7vxePowz,lifestyle,26.2-3.6.17 [7v050iYz],26.2,fabric,client_and_server,release,2026-08-21T15:31:29.652618Z,2026-08-21,Modrinth metadata updated 2026-08-21; latest source commit 2026-08-21: Merge pull request #364 from DOMANG/patch-2; recent issue records observed.,yes (public source link),MIT,Redistribution is generally permitted with the upstream copyright and licence notice retained.,Reliable Recipe Viewer (optional); Just Enough Items (JEI) (optional); Fabric API,documented,partial,server and client,yes,medium,"food items, cooking blocks and recipes",high,low,"moderate, food recipes and ingredients",Cooking for Blockheads,Optional recipe-viewer integrations and a documented advancement-led onboarding path can add noise; retain ordinary vanilla food,strong,moderate,possible,ADOPT_BASELINE,HIGH,"Farmer's Delight Refabricated is a stable 26.2 Fabric cooking and farming port with an active source repository. It is the strongest food-content baseline, subject to recipe, advancement and Matcha overlap review.",https://api.modrinth.com/v2/project/7vxePowz;https://api.modrinth.com/v2/project/7vxePowz/version?game_versions=%5B%2226.2%22%5D&loaders=%5B%22fabric%22%5D;https://github.com/MehVahdJukaar/FarmersDelightRefabricated;https://github.com/MehVahdJukaar/FarmersDelightRefabricated;https://api.github.com/repos/MehVahdJukaar/FarmersDelightRefabricated;https://api.github.com/repos/MehVahdJukaar/FarmersDelightRefabricated/commits?per_page=10;https://api.github.com/repos/MehVahdJukaar/FarmersDelightRefabricated/issues?state=all&per_page=5
Friends&Foes (Fabric/Quilt),POQ2i9zu,lifestyle,fabric-4.0.27+mc26.2 [rJBCX3gG],26.2,fabric,client_and_server,release,2026-08-07T06:26:27.985431Z,2026-08-06,Modrinth metadata updated 2026-08-07; latest source commit 2026-08-06: Updated changelog; recent issue records observed.,yes (public source link),CC-BY-NC-ND-4.0,"Attribution and non-commercial use apply, and derivatives are not permitted without permission.",Resourceful Lib; Fabric API; YetAnotherConfigLib (YACL) (optional); Mod Menu (optional),documented,partial,server and client,yes,medium,"entities, recipes and structure content",high,moderate,"low, possible mob/structure discovery overlap","Naturalist, Dungeons and Taverns, other structure packs",CC-BY-NC-ND-4.0 prohibits derivatives; current issue records include mob behaviour and crash reports,good,low,possible,PILOT,HIGH,"Friends&Foes has a stable 26.2 release, active source activity and server support, but it adds entities and some worldgen under CC-BY-NC-ND-4.0. Pilot selected mobs rather than accepting the whole content set by default.",https://api.modrinth.com/v2/project/POQ2i9zu;https://api.modrinth.com/v2/project/POQ2i9zu/version?game_versions=%5B%2226.2%22%5D&loaders=%5B%22fabric%22%5D;https://github.com/Faboslav/friends-and-foes;https://github.com/Faboslav/friends-and-foes;https://api.github.com/repos/Faboslav/friends-and-foes;https://api.github.com/repos/Faboslav/friends-and-foes/commits?per_page=10;https://api.github.com/repos/Faboslav/friends-and-foes/issues?state=all&per_page=5
Naturalist,F8BQNPWX,lifestyle,No 26.2 Fabric release. Newest observed: 2.0.3+1.21.1-fabric [DwMaTECx],1.21.1,fabric,client_and_server,release,2026-08-16T17:05:21.195228Z,2026-08-16,Modrinth metadata updated 2026-08-16; no source_url supplied.,no (no source_url supplied),LicenseRef-Custom,Follow the custom licence URL supplied by the project and obtain a redistribution review before release.,Fabric API,limited,no,server and client,yes,medium,entities and world content,high,moderate,low,"Friends&Foes, Icy's Better Horses",No 26.2 Fabric release observed; no source_url supplied; custom licence URL points to an older branch,limited,low,likely,DEFER,HIGH,"Naturalist remains a plausible vanilla-style animal alternative, but the newest observed Fabric release is 1.21.1, no source_url is provided and its custom licence needs review. No 26.2 Fabric release was observed, so the newest compatible record is shown without substitution.",https://api.modrinth.com/v2/project/F8BQNPWX;https://api.modrinth.com/v2/project/F8BQNPWX/version?loaders=%5B%22fabric%22%5D
Particular ✨ Reforged,pYFUU6cq,lifestyle,1.5.7 [1VSvTbTm],26.2,fabric,client_only,release,2026-08-16T14:05:52.929953Z,2026-08-16,Modrinth metadata updated 2026-08-16; latest source commit 2026-08-16: 1.5.7; recent issue records observed.,yes (public source link),LGPL-3.0-only,Redistribution is permitted under LGPL-3.0-only with notices and applicable source/relinking obligations.,Mod Menu (optional); BaguetteLib; Fabric API; Forge Config API Port,clear,no,client-only,no,medium,client configuration only,low,low,none identified,"Sound Physics Remastered, Presence Footsteps as ambience choices",Requires BaguetteLib and Forge Config API Port; source issues include a 26.2 water-particle crash,good,none,no,PILOT,HIGH,"Particular Reforged has a stable 26.2 client release, current source activity and configurable visual ambience. Pilot it for effect density and rendering compatibility rather than treating visual effects as gameplay.",https://api.modrinth.com/v2/project/pYFUU6cq;https://api.modrinth.com/v2/project/pYFUU6cq/version?game_versions=%5B%2226.2%22%5D&loaders=%5B%22fabric%22%5D;https://github.com/Leclowndu93150/Particular;https://github.com/Leclowndu93150/Particular;https://api.github.com/repos/Leclowndu93150/Particular;https://api.github.com/repos/Leclowndu93150/Particular/commits?per_page=10;https://api.github.com/repos/Leclowndu93150/Particular/issues?state=all&per_page=5
Presence Footsteps,rcTfTZr3,lifestyle,1.13.3+26.2 [8TkGmrgl],26.2,fabric,client_only,release,2026-06-23T18:25:46.021215Z,2026-08-17,Modrinth metadata updated 2026-06-23; latest source commit 2026-08-17: Change workflows to use correct java version; recent issue records observed.,yes (public source link),LicenseRef-Polyform-Shield-1.0,"Polyform Shield terms apply; verify hosting, redistribution and commercial-use restrictions before release.",Kirin (embedded); Mine Little Pony (optional); Fabric API,documented,partial,client-only,no,low/medium,client configuration and resource-pack sound mappings,low,none,none identified,"Sound Physics Remastered, Particular Reforged",Polyform Shield terms require redistribution review; custom resource-pack sound mappings need a provenance check,good,none,no,DEFER,HIGH,"Presence Footsteps has a current 26.2 release and recent source work, but its Polyform Shield licence and overlap with other ambience mods argue for deferring it until one audio stack is tested.",https://api.modrinth.com/v2/project/rcTfTZr3;https://api.modrinth.com/v2/project/rcTfTZr3/version?game_versions=%5B%2226.2%22%5D&loaders=%5B%22fabric%22%5D;https://github.com/Sollace/Presence-Footsteps;https://github.com/Sollace/Presence-Footsteps;https://api.github.com/repos/Sollace/Presence-Footsteps;https://api.github.com/repos/Sollace/Presence-Footsteps/commits?per_page=10;https://api.github.com/repos/Sollace/Presence-Footsteps/issues?state=all&per_page=5;https://polyformproject.org/licenses/shield/1.0.0
Serene Seasons,e0bNACJD,lifestyle,26.1.2.0.4 [13sXhUkI],26.2,fabric,client_and_server,beta,2026-07-01T09:41:42.050013Z,2026-08-19,Modrinth metadata updated 2026-07-01; latest source commit 2026-08-19: Add biome.hasPrecipitation compat (#602); recent issue records observed.,yes (public source link),LicenseRef-All-Rights-Reserved (All rights reserved),All rights reserved; private development is not a redistribution grant. Obtain permission or replace before release.,Fabric API,documented,partial,server and client,yes,medium,world calendar and climate-sensitive crop state,high,none,"moderate, climate and food interactions","Future climate adapter, Farmer's Delight",Beta release and All-Rights-Reserved; preserve vanilla fallback and verify any GlitchCore/release-specific requirement,good,low,likely,PILOT,HIGH,"Serene Seasons is the locked first climate adapter target and has a 26.2 beta with active source maintenance. Pilot it behind the climate abstraction because calendar, crop and save behaviour are persistent-adjacent and the licence is All-Rights-Reserved.",https://api.modrinth.com/v2/project/e0bNACJD;https://api.modrinth.com/v2/project/e0bNACJD/version?game_versions=%5B%2226.2%22%5D&loaders=%5B%22fabric%22%5D;https://github.com/Glitchfiend/SereneSeasons;https://github.com/Glitchfiend/SereneSeasons;https://api.github.com/repos/Glitchfiend/SereneSeasons;https://api.github.com/repos/Glitchfiend/SereneSeasons/commits?per_page=10;https://api.github.com/repos/Glitchfiend/SereneSeasons/issues?state=all&per_page=5
Sound Physics Remastered,qyVF9oeo,lifestyle,fabric-1.5.1+26.2 [d8iioMMp],26.2,fabric,client_only_server_optional,beta,2026-06-18T06:31:54.338735Z,2026-06-25,Modrinth metadata updated 2026-06-18; latest source commit 2026-06-25: Update ModMenu and ClothConfig; recent issue records observed.,yes (public source link),GPL-3.0-only,Redistribution is permitted under GPL-3.0-only with notices and corresponding-source obligations as applicable.,Mod Menu (optional); Simple Voice Chat (optional); Cloth Config API (optional),clear,no,client with optional server support,optional,medium,client configuration only,low,none,none identified,"Presence Footsteps, Particular Reforged","Beta release; optional Simple Voice Chat, Cloth Config and Mod Menu integrations need version checks",good,none,no,PILOT,HIGH,"Sound Physics Remastered has a 26.2 beta and active source issue handling. It is a contained client ambience candidate, but audio performance and overlap with Presence Footsteps need an assembled client test.",https://api.modrinth.com/v2/project/qyVF9oeo;https://api.modrinth.com/v2/project/qyVF9oeo/version?game_versions=%5B%2226.2%22%5D&loaders=%5B%22fabric%22%5D;https://github.com/henkelmax/sound-physics-remastered;https://github.com/henkelmax/sound-physics-remastered;https://api.github.com/repos/henkelmax/sound-physics-remastered;https://api.github.com/repos/henkelmax/sound-physics-remastered/commits?per_page=10;https://api.github.com/repos/henkelmax/sound-physics-remastered/issues?state=all&per_page=5
Global Packs,NRLPy2mk,pack loading,26.2.0 [DqrPrUMp],26.2,fabric,client_or_server_prefers_both,release,2026-06-16T21:12:22.600814Z,2026-06-21,Modrinth metadata updated 2026-06-21; linked source repository returned HTTP 404; issue endpoint HTTP 404.,no (linked source URL returned HTTP 404),LicenseRef-All-Rights-Reserved (All rights reserved),All rights reserved; private development is not a redistribution grant. Obtain permission or replace before release.,None declared in selected version record,"clear, global_packs.toml",no,client and server,yes,low,global pack selection and any loaded pack content,high,depends on loaded packs,direct loader boundary for the Matcha archive,"Paxi, Open Loader, Simple Resource Loader, Packwiz",All-Rights-Reserved; linked GitHub source returned 404; verify one unmodified Matcha archive loads as both data and resource input,good,depends on loaded packs,likely,ADOPT_BASELINE,HIGH,Global Packs is the locked ADR 0027 choice among the named loaders because it has a real 26.2 Fabric release and documents global data/resource loading and TOML ordering. Its All-Rights-Reserved licence and currently unavailable linked source remain release gates.,https://api.modrinth.com/v2/project/NRLPy2mk;https://api.modrinth.com/v2/project/NRLPy2mk/version?game_versions=%5B%2226.2%22%5D&loaders=%5B%22fabric%22%5D;https://github.com/DarkRoleplay/Global-Data-and-Resourcepacks;https://github.com/DarkRoleplay/Global-Data-and-Resourcepacks;https://api.github.com/repos/DarkRoleplay/Global-Data-and-Resourcepacks;https://api.github.com/repos/DarkRoleplay/Global-Data-and-Resourcepacks/commits?per_page=10;https://api.github.com/repos/DarkRoleplay/Global-Data-and-Resourcepacks/issues?state=all&per_page=5
Open Loader,KwWsINvD,pack loading,No 26.2 Fabric release. Newest observed: 19.0.5 [UFqjauYD],1.20.1,fabric,client_and_server,release,2026-02-12T07:34:04.718097Z,2024-03-11,Modrinth metadata updated 2026-02-12; latest source commit 2024-03-11: Fix build errors.; recent issue records observed.,yes (public source link),LGPL-2.1-only,Redistribution is permitted under LGPL-2.1-only with notices and applicable source/relinking obligations.,Fabric API,clear,no,client and server,yes,low,global pack selection and any loaded pack content,high,depends on loaded packs,direct loader boundary,"Global Packs, Paxi, Simple Resource Loader",No 26.2 Fabric release observed; source latest meaningful commit was 2024-03-11,good,depends on loaded packs,possible,DEFER,HIGH,"Open Loader remains a clear global data/resource loader, but the newest observed Fabric release is 1.20.1 and the source issue tracker contains an open 26.2 port request. No 26.2 Fabric release was observed, so the newest compatible record is shown without substitution.",https://api.modrinth.com/v2/project/KwWsINvD;https://api.modrinth.com/v2/project/KwWsINvD/version?loaders=%5B%22fabric%22%5D;https://github.com/Darkhax-Minecraft/Open-Loader;https://github.com/Darkhax-Minecraft/Open-Loader;https://api.github.com/repos/Darkhax-Minecraft/Open-Loader;https://api.github.com/repos/Darkhax-Minecraft/Open-Loader/commits?per_page=10;https://api.github.com/repos/Darkhax-Minecraft/Open-Loader/issues?state=all&per_page=5
Packwiz,N/A (GitHub tool),pack loading,No tagged GitHub release; source/CI artifact or go install @latest only,not applicable,tooling,pack authoring,no tagged release,unknown,2026-02-18,"Official repository metadata reports active issue handling, MIT licence and latest repository push 2026-02-18; repository metadata was updated 2026-08-27; no tagged releases returned.",yes (public GitHub repository),MIT,Redistribution is generally permitted with the upstream copyright and licence notice retained.,Go 1.24+ for source installation; tool revision or trusted CI artifact must be pinned separately,documented TOML,partial,"not applicable, authoring tool","not applicable, authoring tool",low,"pack metadata only, downstream impact depends on inputs",medium,depends on selected inputs,direct composition and provenance boundary,Global Packs and all selected runtime inputs,No immutable release identity; @latest is not sufficient for reproducible CI or release composition,strong,depends on selected inputs,no,PILOT,HIGH,"Packwiz is the approved text source of truth for the pack and its official README documents TOML composition, export and installation. Pilot the metadata workflow, but open a separate reproducibility gate for the executable because the official release list is empty.",https://github.com/packwiz/packwiz;https://api.github.com/repos/packwiz/packwiz;https://api.github.com/repos/packwiz/packwiz/releases?per_page=5;https://raw.githubusercontent.com/packwiz/packwiz/main/README.md
Paxi,CU0PAyzb,pack loading,No 26.2 Fabric release. Newest observed: 26.1.2-Fabric-6.1.0 [2FGUtGfp],"26.1.1, 26.1.2",fabric,client_or_server_prefers_both,release,2026-06-24T18:31:06.820670Z,2026-06-24,Modrinth metadata updated 2026-06-24; latest source commit 2026-06-24: Update NeoForge CF project ID; recent issue records observed.,yes (public source link),LGPL-3.0-only,Redistribution is permitted under LGPL-3.0-only with notices and applicable source/relinking obligations.,YUNG's API; Fabric API; Cloth Config API; Mod Menu (optional),clear,no,"client and server, resource side client-only",partial,low,global pack selection and any loaded pack content,high,depends on loaded packs,direct loader boundary,"Global Packs, Open Loader, Simple Resource Loader","No 26.2 Fabric release observed; requires YUNG API, Fabric API and Cloth Config API in the newest observed build",good,depends on loaded packs,possible,DEFER,HIGH,"Paxi has a public source repository and a maintained 26.1.2 release, but no 26.2 release was observed. Its documented server limitation for resource packs also matters for a dual-role Matcha archive. No 26.2 Fabric release was observed, so the newest compatible record is shown without substitution.",https://api.modrinth.com/v2/project/CU0PAyzb;https://api.modrinth.com/v2/project/CU0PAyzb/version?loaders=%5B%22fabric%22%5D;https://github.com/YUNG-GANG/Paxi;https://github.com/YUNG-GANG/Paxi;https://api.github.com/repos/YUNG-GANG/Paxi;https://api.github.com/repos/YUNG-GANG/Paxi/commits?per_page=10;https://api.github.com/repos/YUNG-GANG/Paxi/issues?state=all&per_page=5
Simple Resource Loader,5e65FGXQ,pack loading,1.1.0+26.1 [O80uSS6o],26.2,fabric,client_or_server,release,2026-03-25T16:50:24.277578Z,2026-03-25,Modrinth metadata updated 2026-03-25; latest source commit 2026-03-25: Update to 26.1; recent issue records observed.,yes (public source link),LGPL-3.0-only,Redistribution is permitted under LGPL-3.0-only with notices and applicable source/relinking obligations.,None declared in selected version record,none/clear folder contract,no,client and server,yes,low,global pack selection and any loaded pack content,high,depends on loaded packs,direct loader boundary,"Global Packs, Paxi, Open Loader, Packwiz",Version label is 1.1.0+26.1 although Modrinth metadata includes 26.2; source issue notes missing datapack load-order control,good,depends on loaded packs,possible,PILOT,HIGH,"Simple Resource Loader is the strongest open 26.2 alternative found: it supports required/optional common, resourcepack and datapack folders on clients, singleplayer and dedicated servers without a config file. Its fixed folder ordering needs a Matcha load-order spike before replacing the locked Global Packs choice.",https://api.modrinth.com/v2/project/5e65FGXQ;https://api.modrinth.com/v2/project/5e65FGXQ/version?game_versions=%5B%2226.2%22%5D&loaders=%5B%22fabric%22%5D;https://github.com/Patbox/simple-resource-loader;https://github.com/Patbox/simple-resource-loader;https://api.github.com/repos/Patbox/simple-resource-loader;https://api.github.com/repos/Patbox/simple-resource-loader/commits?per_page=10;https://api.github.com/repos/Patbox/simple-resource-loader/issues?state=all&per_page=5
Just Enough Items (JEI),u6dRKJwZ,recipe viewer,30.28.0.191 [FQUVLzeD],26.2,fabric,client,beta,2026-08-28,2026-08-28,Actively released; 26.2 build is beta only as of this check,yes,MIT,MIT permits redistribution with attribution,none observed,good,yes,client-side viewer,not required,low,none,safe; client-side only,none,reads the recipe manager; no Matcha conflict expected,"Direct duplicate of REI, which is adopted. Jade lists JEI as an OPTIONAL dependency, so it can arrive transitively.",Shipping alongside REI produces two recipe viewers and doubled UI,good,adds a second viewer UI,no,REJECT,high,"LAB-01: REI is adopted as the single recipe viewer. JEI has a 26.2 release but it is BETA, and the pack does not use beta builds as core dependencies. More importantly, two viewers is the exact duplication this lab exists to prevent. Because Jade declares JEI as an optional dependency it must be excluded deliberately rather than merely left unadded.",https://api.modrinth.com/v2/project/u6dRKJwZ; https://api.modrinth.com/v2/project/u6dRKJwZ/version?game_versions=%5B%2226.2%22%5D&loaders=%5B%22fabric%22%5D
Simple Copper Pipes,9r4ZkgSN,storage/logistics,2.1.7-mc26.2 [CEH3bXSV],26.2,fabric,client_and_server,release,2026-06-18T18:12:03.853147Z,2026-06-18,Modrinth metadata updated 2026-06-18; source repository metadata returned HTTP 403; recent issue records observed.,yes (public source link),MIT,Redistribution is generally permitted with the upstream copyright and licence notice retained.,The Copperier Age: Copperier Copper (optional); Cloth Config API (optional); FrozenLib; Mod Menu (optional); Fabric API,limited,no,server and client,yes,high,pipe and container block entities,high,none,"moderate, local logistics overlap","Tom's Simple Storage, Storage Drawers",Open issue reports extreme item duplication; requires FrozenLib and Fabric API; throughput and crash recovery need tests,mixed,none,likely,COMPATIBILITY_SPIKE,HIGH,"Simple Copper Pipes has a stable 26.2 release and fits physical local transport, but its source issue tracker contains an explicit extreme item-duplication report. It cannot be baseline-adopted before reproduction and fix or exclusion.",https://api.modrinth.com/v2/project/9r4ZkgSN;https://api.modrinth.com/v2/project/9r4ZkgSN/version?game_versions=%5B%2226.2%22%5D&loaders=%5B%22fabric%22%5D;https://github.com/AViewFromTheTop/SimpleCopperPipesMC;https://github.com/AViewFromTheTop/SimpleCopperPipesMC;https://api.github.com/repos/AViewFromTheTop/SimpleCopperPipesMC;https://api.github.com/repos/AViewFromTheTop/SimpleCopperPipesMC/commits?per_page=10;https://api.github.com/repos/AViewFromTheTop/SimpleCopperPipesMC/issues?state=all&per_page=5
Storage Drawers (Unofficial Port),3bqn07Ul,storage/logistics,26.2-19.1.7 [tsCab41T],26.2,fabric,client_and_server,release,2026-08-27T02:24:34.661928Z,2026-08-27,Modrinth metadata updated 2026-08-27; latest source commit 2026-08-27: Update latest release version in README; recent issue records observed.,yes (public source link),MIT,Redistribution is generally permitted with the upstream copyright and licence notice retained.,Fabric API; Forge Config API Port (optional),limited,no,server and client,yes,medium,drawer block entities and stored inventories,very high,none,"moderate, physical storage overlap","Tom's Simple Storage, Simple Copper Pipes",Unofficial port; source issue history includes enchanted-item save problems; never remove after use without a migration plan,good,none,possible,PILOT,HIGH,"The unofficial Storage Drawers Fabric port has a stable 26.2 release, MIT licence and current source activity. Pilot it as dense physical storage, not as a remote warehouse, and retain the migration risk of an unofficial port.",https://api.modrinth.com/v2/project/3bqn07Ul;https://api.modrinth.com/v2/project/3bqn07Ul/version?game_versions=%5B%2226.2%22%5D&loaders=%5B%22fabric%22%5D;https://github.com/chaevsfe/StorageDrawers;https://github.com/chaevsfe/StorageDrawers;https://api.github.com/repos/chaevsfe/StorageDrawers;https://api.github.com/repos/chaevsfe/StorageDrawers/commits?per_page=10;https://api.github.com/repos/chaevsfe/StorageDrawers/issues?state=all&per_page=5
Tom's Simple Storage Mod,XZNI4Cpy,storage/logistics,26.2-2.11.2-fabric [9KkiCXs5],26.2,fabric,client_and_server,release,2026-07-24T17:22:37.968696Z,2026-07-24,Modrinth metadata updated 2026-07-24; latest source commit 2026-07-24: 2.4.1; issue endpoint HTTP 403.,yes (public source link),MIT,Redistribution is generally permitted with the upstream copyright and licence notice retained.,Trinkets (optional); EMI (optional); Roughly Enough Items (REI) (optional); Indium (optional); Cloth Config API (embedded); Just Enough Items (JEI) (optional); Polymorph (optional),documented,partial,server and client,yes,high,"world storage networks, connectors and inventories",very high,none,"high, storage and logistics overlap","Simple Copper Pipes, Storage Drawers, future warehouse service",Wireless terminal may violate the no-magical-universal-warehouse posture; Modrinth page calls for Indium with Sodium; many optional recipe-viewer integrations,good,low,likely,COMPATIBILITY_SPIKE,HIGH,"Tom's Simple Storage has a stable 26.2 release and a mature feature set, but its wireless terminal and connector network overlap directly with the project's dimension-scoped warehouse and physical-shipment rules.",https://api.modrinth.com/v2/project/XZNI4Cpy;https://api.modrinth.com/v2/project/XZNI4Cpy/version?game_versions=%5B%2226.2%22%5D&loaders=%5B%22fabric%22%5D;https://github.com/tom5454/Toms-Storage;https://github.com/tom5454/Toms-Storage;https://api.github.com/repos/tom5454/Toms-Storage;https://api.github.com/repos/tom5454/Toms-Storage/commits?per_page=10;https://api.github.com/repos/tom5454/Toms-Storage/issues?state=all&per_page=5
Better Boat Movement,wTfH1dkt,transportation,3.0.0-26.1+fabric [jIZZSSJA],26.2,fabric,client_and_server,release,2026-08-23T19:29:33.350679Z,2026-08-23,Modrinth metadata updated 2026-08-23; source repository metadata returned HTTP 403; recent issue records observed.,yes (public source link),GPL-3.0-only,Redistribution is permitted under GPL-3.0-only with notices and corresponding-source obligations as applicable.,Fabric API; Fabric Language Kotlin; YetAnotherConfigLib (YACL); Mod Menu (optional),clear,no,server and client,yes,medium/high,"configuration only, plus vanilla boat state",low/medium,none,low,"Move Boats, High-Speed Rail","Requires Fabric Language Kotlin, YACL and Fabric API; dependency conflicts with the Java-only project baseline are a pack cost; version label says 26.1 while metadata includes 26.2",good,none,possible,COMPATIBILITY_SPIKE,HIGH,"Better Boat Movement has a 26.2-compatible release and server validation claims, but it requires Fabric Language Kotlin and changes boat physics. The extra runtime and overlap with Move Boats require a focused spike.",https://api.modrinth.com/v2/project/wTfH1dkt;https://api.modrinth.com/v2/project/wTfH1dkt/version?game_versions=%5B%2226.2%22%5D&loaders=%5B%22fabric%22%5D;https://github.com/btwonion/better-boat-movement;https://github.com/btwonion/better-boat-movement;https://api.github.com/repos/btwonion/better-boat-movement;https://api.github.com/repos/btwonion/better-boat-movement/commits?per_page=10;https://api.github.com/repos/btwonion/better-boat-movement/issues?state=all&per_page=5
Elytra Revamped,Gfg08owl,transportation,1.0.3 [aq9olpVF],26.2,fabric,server_only_client_optional,release,2026-07-21T20:43:48.662378Z,2026-08-28,Modrinth metadata updated 2026-07-21; latest source commit 2026-08-28: Change license from Creative Commons to MIT; recent issue records observed.,yes (public source link),MIT,Redistribution is generally permitted with the upstream copyright and licence notice retained.,Fabric API; YetAnotherConfigLib (YACL) (optional); Mod Menu (optional),clear,no,server with optional client,yes,high,configuration and flight/equipment behaviour,medium,none,"high, direct flight-balance overlap","High-Speed Rail, Horseman, Icy's Better Horses","Must preserve useful scouting and vertical traversal; source recently changed the licence from Creative Commons to MIT, so notices need recheck",good,none,likely,PILOT,HIGH,"Elytra Revamped has a stable 26.2 server-capable release and directly supports the accepted glider direction, but it changes rocket, drag, boost and bounce behaviour. Pilot against rail, horse and Matcha travel before inclusion.",https://api.modrinth.com/v2/project/Gfg08owl;https://api.modrinth.com/v2/project/Gfg08owl/version?game_versions=%5B%2226.2%22%5D&loaders=%5B%22fabric%22%5D;https://github.com/NiuhiPlays/ElytraRevamped_ReReWritten;https://github.com/NiuhiPlays/ElytraRevamped_ReReWritten;https://api.github.com/repos/NiuhiPlays/ElytraRevamped_ReReWritten;https://api.github.com/repos/NiuhiPlays/ElytraRevamped_ReReWritten/commits?per_page=10;https://api.github.com/repos/NiuhiPlays/ElytraRevamped_ReReWritten/issues?state=all&per_page=5;https://opensource.org/license/mit-0
High-Speed Rail,d7PCSOkD,transportation,0.24.0+26.2 [UnL9JxtC],26.2,fabric,server_only,release,2026-07-09T16:12:56.940043Z,2026-07-09,Modrinth metadata updated 2026-07-09; latest source commit 2026-07-09: Prepare for next version 0.24.1+26.2-prerelease; recent issue records observed.,yes (public source link),MIT,Redistribution is generally permitted with the upstream copyright and licence notice retained.,Fabric API,detailed,no,server-side,yes,very high,configuration and vanilla rail/minecart state,medium/high,none,"moderate, transport balance overlap","Elytra Revamped, other rail physics","Supports speeds beyond 1000 blocks per second; test crashes, unloaded destinations and route registration rather than assuming fast rails are a service",good,none,likely,COMPATIBILITY_SPIKE,HIGH,"High-Speed Rail is a stable 26.2 server-side rail physics candidate with active source work. Its deliberately extreme speeds make route validation, dimension rules, collision safety and service balance mandatory before adoption.",https://api.modrinth.com/v2/project/d7PCSOkD;https://api.modrinth.com/v2/project/d7PCSOkD/version?game_versions=%5B%2226.2%22%5D&loaders=%5B%22fabric%22%5D;https://github.com/pcal43/highspeed-rail;https://github.com/pcal43/highspeed-rail;https://api.github.com/repos/pcal43/highspeed-rail;https://api.github.com/repos/pcal43/highspeed-rail/commits?per_page=10;https://api.github.com/repos/pcal43/highspeed-rail/issues?state=all&per_page=5
Horseman,qIv5FhAA,transportation,1.7.5 [xU6ysEWF],26.2,fabric,client_and_server,release,2026-08-25T23:13:26.290830Z,2026-08-25,Modrinth metadata updated 2026-08-25; latest source commit 2026-08-25: 1.5.13; recent issue records observed.,yes (public source link),MIT,Redistribution is generally permitted with the upstream copyright and licence notice retained.,Fabric API; Forge Config API Port,documented,no,server and client,yes,medium,"horse entity, ownership and player configuration",very high,none,"moderate, transport and mount progression overlap",Icy's Better Horses,Requires Fabric API and Forge Config API Port; horse summoning may resemble teleport service and needs explicit route-boundary review,good,low,possible,PILOT,HIGH,"Horseman has a current stable 26.2 release, active source maintenance and practical horse handling improvements. Pilot its summon/roster features so convenience does not bypass the earned-route and geography decisions.",https://api.modrinth.com/v2/project/qIv5FhAA;https://api.modrinth.com/v2/project/qIv5FhAA/version?game_versions=%5B%2226.2%22%5D&loaders=%5B%22fabric%22%5D;https://github.com/mortuusars/Horseman;https://github.com/mortuusars/Horseman;https://api.github.com/repos/mortuusars/Horseman;https://api.github.com/repos/mortuusars/Horseman/commits?per_page=10;https://api.github.com/repos/mortuusars/Horseman/issues?state=all&per_page=5
Icy's Better Horses,XlUm5I57,transportation,1.2.0 [41Q9OmbL],26.2,fabric,client_and_server,release,2026-08-09T21:07:03.378760Z,2026-08-28,Modrinth metadata updated 2026-08-09; source repository push 2026-08-28; recent issue records observed.,yes (public source link),MIT,Redistribution is generally permitted with the upstream copyright and licence notice retained.,Geckolib; Modonomicon; Cloth Config API (optional); Mod Menu (optional),documented,no,server and client,yes,high,"horse entities, player ownership and progression state",very high,low,"moderate, mount progression and transport overlap","Horseman, Naturalist, Modonomicon",Requires Geckolib and Modonomicon; custom UI and breed data need save migration and removal tests; do not combine with Horseman initially,strong,moderate,likely,COMPATIBILITY_SPIKE,HIGH,"Icy's Better Horses is a current 26.2 release with a broad horse progression, genetics, tack, carts and roster feature set. Its persistent scope and required Modonomicon make it a framework spike rather than a default horse QoL mod.",https://api.modrinth.com/v2/project/XlUm5I57;https://api.modrinth.com/v2/project/XlUm5I57/version?game_versions=%5B%2226.2%22%5D&loaders=%5B%22fabric%22%5D;https://github.com/Icywhenhot/Icy-s-Better-Horses;https://github.com/Icywhenhot/Icy-s-Better-Horses;https://api.github.com/repos/Icywhenhot/Icy-s-Better-Horses;https://api.github.com/repos/Icywhenhot/Icy-s-Better-Horses/commits?per_page=10;https://api.github.com/repos/Icywhenhot/Icy-s-Better-Horses/issues?state=all&per_page=5
Move Boats,7qPEjpyt,transportation,26.2.0-3.7-fabric+forge+neo [P4qWMK4p],26.2,fabric,server_only,release,2026-08-23T14:52:52.991693Z,2026-08-23,Modrinth metadata updated 2026-08-23; source repository push 2026-08-23.,yes (public source link),LicenseRef-All-Rights-Reserved (All rights reserved),All rights reserved; private development is not a redistribution grant. Obtain permission or replace before release.,Collective,limited,no,server-side,yes,low,none beyond vanilla boat state,low,none,none identified,Better Boat Movement,"All-Rights-Reserved; requires Collective; verify moving, breaking, chunk unload and multiplayer ownership edge cases",good,none,no,PILOT,HIGH,"Move Boats has a stable 26.2 server release and a narrow convenience purpose that preserves physical boats. Pilot it as the low-surface alternative to physics-changing boat mods, subject to its All-Rights-Reserved licence.",https://api.modrinth.com/v2/project/7qPEjpyt;https://api.modrinth.com/v2/project/7qPEjpyt/version?game_versions=%5B%2226.2%22%5D&loaders=%5B%22fabric%22%5D;https://github.com/Serilum/Move-Boats;https://github.com/Serilum/Move-Boats;https://api.github.com/repos/Serilum/Move-Boats;https://api.github.com/repos/Serilum/Move-Boats/commits?per_page=10;https://api.github.com/repos/Serilum/Move-Boats/issues?state=all&per_page=5
