system_id,category,source_files,observed_behavior,vanilla_behavior_replaced,inferred_purpose,player_ux,mod_compatibility_risk,persistence_risk,multiplayer_risk,keep,extend,override,replace_eventually,undecided,rationale,required_tests,notes
matcha.early_progression,progression,"data/minecraft/tags/function/load.json;data/main/function/setup/load.mcfunction;data/main/function/setup/scoreboard.mcfunction;data/main/function/setup/gamerules.mcfunction;data/main/function/setup/revoke_all_recipe_unlock_advancements.mcfunction;data/main/advancement/tutorial/root.json;data/main/advancement/tutorial/obtain_dry_grass.json;data/main/advancement/tutorial/obtain_kiln.json","Static source: the load tag invokes main:setup/load. That function calls environmental/load_day_cycle_extender, setup/scoreboard, and setup/gamerules, sends two load messages, and reports difficulty. setup/scoreboard creates version_number with current_version set to 112. setup/revoke_all_recipe_unlock_advancements revokes many recipe_unlocks advancements. tutorial/root starts from minecraft:tick and tutorial/obtain_kiln follows obtain_dry_grass.",partial,"Inference: The source appears intended to turn first play and version updates into a guided, staged path while surfacing instructions in advancements. Confidence: medium.",guided,high,high,high,,,x,,,"The reset and global gamerule changes are deliberate compatibility overrides, while the instructional advancement tree can be retained only after vanilla-control and new-player tests.","Fresh Matcha player from spawn through first milestone; vanilla-control world; recipe reset on first join and update; Matcha absent and unsupported-version startup; two-player join ordering.","Evidence: generated/matcha/1.12/functions.json, scoreboards.json, advancements.json, and vanilla-overrides.csv. No runtime trace was supplied, so the exact first milestone and selector scope remain unverified."
matcha.fire_campfire,survival,"data/crafting/recipe/campfire.json;data/crafting/recipe/fire_starter.json;data/main/advancement/tutorial/light_campfire.json;data/main/function/mechanic/wandering_trader/beacon_kindling_placed.mcfunction;data/main/function/mechanic/wandering_trader/check_wandering_trader_timer_loop.mcfunction;pack.mcmeta","Static source: campfire.json creates an unlit campfire from logs and sticks. fire_starter.json uses two flint for flint_and_steel. light_campfire watches item_used_on_block with campfire and flint_and_steel. beacon_kindling_placed changes a marker location to a signal_fire campfire and starts the trader timer; the timer checks whether that campfire is lit.",partial,"Inference: Ordinary fire and campfire use appear to remain available while a campfire can also act as a deliberate beacon trigger. Confidence: medium.",mixed,high,medium,high,,x,,,,"Keep normal ignition and cooking available, but isolate and explicitly order the beacon/trader override because it changes a campfire into a world event.","Fire, soul fire, campfire cooking, rain, water, extinguishing, and multiplayer beacon tests; vanilla control; absent resource pack; unsupported Matcha profile.","Evidence: generated/matcha/1.12/recipes.json, functions.json, advancements.json, and pack-filters.json. The archive has no runtime trace for ignition, spread, or trader arrival."
matcha.kiln_smelting,processing,"data/crafting/recipe/mudkiln.json;data/crafting/recipe/oven.json;data/blasting/recipe/steel_alloy.json;data/smelting/recipe/dirt_from_smelting_grass_block.json;data/smoking/recipe/charcoal.json;data/food/recipe/bread.json;data/main/advancement/tutorial/obtain_kiln.json;data/main/advancement/tutorial/obtain_oven.json","Static source: mudkiln.json crafts a smoker from mud bricks, packed mud, and a campfire. oven.json crafts a furnace from bricks, iron, and a campfire. The audit inventory contains 26 blasting, 30 smoking, and 3 smelting recipes, while food supplies additional smelting and campfire recipes. No custom kiln block file was observed.",partial,"Inference: The recipes appear intended to make processing stations and alternate cooking routes part of the early material path without replacing the vanilla processing engine. Confidence: medium.",additive,medium,medium,medium,,x,,,,"Extend the vanilla stations and preserve automation unless a traced recipe conflict requires a narrow override.","Furnace, blast furnace, smoker, campfire, automation, fuel, XP, interruption, and recipe-unlock vanilla controls; absent and unsupported Matcha cases.","Evidence: generated/matcha/1.12/recipes.json and advancements.json. Runtime timing, container behaviour, and exact recipe conflicts were not observed."
matcha.tool_tiers,equipment,"data/crafting/recipe/copper_pickaxe.json;data/smithing_table/recipe/bronze_pickaxe.json;data/smithing_table/recipe/adamant_mattock.json;data/minecraft/tags/block/mineable/pickaxe.json;assets/minecraft/items/bronze_pickaxe.json;assets/minecraft/items/adamant_mattock.json","Static source: copper_pickaxe produces a minecraft:copper_pickaxe with tool rules, max_damage 350, and an item_model. bronze_pickaxe transforms a copper pickaxe and returns a stone_pickaxe with max_damage 1000 plus mining and attribute components. adamant_mattock returns a netherite_hoe with max_damage 5000 and tool rules. Resource item definitions and models are placed in the minecraft namespace.",substantial,"Inference: The tier and tool files appear intended to create a material ladder and additional tool roles by reusing vanilla base items. Confidence: medium.",mixed,high,high,medium,,,x,,,"The same vanilla IDs are assigned different tool rules, attributes, and models. Keep this behind the profile-scoped identity adapter until unknown signatures and durability are tested.","Every tier against representative blocks and entities; mining speed, drops, attack, enchantments, off-hand, zero condition, unknown signature, vanilla control, missing resource pack, and unsupported profile.","Evidence: generated/matcha/1.12/assets.json, recipes.json, registry-data.json, and vanilla-overrides.csv. No runtime mining or attack trace was supplied."
matcha.item_substitutions,items,"data/crafting/recipe/crystal_heart.json;data/crafting/recipe/beacon_kindling.json;data/crafting/recipe/warding_stone.json;data/food/recipe/green_curry.json;data/minecraft/villager_trade/cartographer/3/abbey.json;assets/minecraft/items/heart_container.json;assets/minecraft/items/beacon_kindling.json;assets/minecraft/items/warding_stone.json","Static source: crystal_heart returns poisonous_potato with item_model heart_container. beacon_kindling returns chicken_spawn_egg with marker entity_data. warding_stone returns chicken_spawn_egg with armor_stand entity_data. green_curry returns poisonous_potato with food and effect components. The abbey map trade sets item_model abbey_map on map output.",substantial,"Inference: These exact components appear intended to distinguish gameplay objects while retaining vanilla stack IDs. Confidence: high for the signature fact, medium for purpose.",mixed,high,high,high,,,x,,,"Only exact server-side signatures may map to stable concepts. A missing model, ordinary stack with the same base item, or altered resource pack must fall back without guessing.","Signature parser; ordinary same-base vanilla item; missing and alternate resource packs; stack, container, trade, drop, and death movement; unknown-signature fallback; unsupported version.","Evidence: generated/matcha/1.12/recipes.json, loot-tables.json, assets.json, and advancements.json. Display names and textures are not accepted as identity evidence."
matcha.hunger,survival,"data/main/function/setup/scoreboard.mcfunction;data/main/function/mechanic/manage_hunger.mcfunction;data/main/function/setup/ticking_functions.mcfunction;data/main/function/setup/gamerules.mcfunction","Static source: setup/scoreboard creates a Hunger objective with the food criterion. manage_hunger is called from the tick dispatcher and gives hunger amplifier 255 when Hunger is 10 or higher and saturation amplifier 1 when Hunger is 6 or lower, using @a and @p selectors. setup/gamerules disables natural_health_regeneration.",substantial,"Inference: The source appears intended to replace passive regeneration with a stricter hunger pressure model. Confidence: medium.",restricted,high,high,high,,,x,,,"This changes a global survival rule and must be reconciled with Forever food and healing systems. Selector use makes per-player correctness a release blocker.","Starvation, saturation, sprint/action exhaustion, difficulty, two players with different hunger, relog, death, vanilla food control, Matcha absent, and unsupported-version tests.","Evidence: generated/matcha/1.12/scoreboards.json and functions.json. No controlled hunger runtime trace exists; @a followed by @p is an explicit multiplayer risk to test."
matcha.healing,survival,"data/main/function/setup/gamerules.mcfunction;data/crafting/recipe/estus_flask.json;data/main/function/mechanic/estus/check_if_estus_should_be_processed.mcfunction;data/main/function/mechanic/estus/estus_effects.mcfunction;data/main/function/mechanic/cake_eaten.mcfunction;data/main/function/mechanic/heart_container/clear_heart_container.mcfunction;data/main/function/mechanic/heart_container/set_max_hp.mcfunction;data/main/function/mechanic/warding_stone/warding_stone.mcfunction","Static source: natural regeneration is disabled. Estus processing checks blaze_powder and gives difficulty-dependent regeneration and resistance, gives glowstone dust, and clears blaze powder. cake_eaten grants instant_health and health_boost. A heart container adds Hearts and regeneration before clearing one matching item. A warding stone gives regeneration to tagged friendly entities.",substantial,"Inference: These sources appear intended to make healing consumable, difficulty-sensitive, and partly infrastructure-based. Confidence: medium.",mixed,high,high,high,,,x,,,"Override only through server-authoritative outcomes because several paths affect health, max health, inventory, and nearby entities.","Direct healing, regeneration, full health, absorption, difficulty, simultaneous players, creative mode, death, relog, vanilla healing control, absent and unsupported Matcha.","Evidence: generated/matcha/1.12/functions.json, recipes.json, scoreboards.json. Runtime amount, ordering, and health-screen behaviour remain unverified."
matcha.food_effects,food,"data/food/recipe/green_curry.json;data/food/recipe/ramen.json;data/food/recipe/bread.json;data/food/recipe/mead.json;data/main/advancement/cooking_recipes/chorus_mochi_recipe.json;assets/minecraft/items/green_curry.json;assets/minecraft/items/ramen.json","Static source: food recipes add crafting, smelting, and campfire outputs with food and consumable components. green_curry and ramen set nutrition and saturation to zero, allow eating at any time, apply regeneration plus speed or haste, and return a bowl. Many outputs assign minecraft:item_model and hide or add effect presentation components.",substantial,"Inference: The recipes appear intended to make prepared food a source of effects rather than only hunger restoration. Confidence: medium.",mixed,high,high,medium,,,x,,,"Preserve ordinary food and reject effect mapping when an exact item signature or supported profile is missing. Balance and effect stacking need a separate decision.","Effect duration and amplifier, stacking/replacement, unsafe ingredients, food preparation, relog, death, two players, vanilla food control, missing resource pack, and unsupported profile.","Evidence: generated/matcha/1.12/recipes.json, advancements.json, and assets.json. Source proves components, not the final player-facing consumption result."
matcha.death,survival,"data/main/function/setup/gamerules.mcfunction;data/main/function/setup/scoreboard.mcfunction;data/main/function/mechanic/heart_container/detect_death.mcfunction;data/main/function/mechanic/heart_container/hpdown.mcfunction;data/main/function/mechanic/heart_container/set_max_hp.mcfunction;data/main/advancement/mechanics/heart_container_obtained.json","Static source: keep_inventory is set true and ender pearls are configured not to vanish on death. A deaths objective is created. detect_death tags players with a deaths score, and hpdown resets the score and tag, subtracts two Hearts, and reapplies max health.",substantial,"Inference: The source appears intended to make death preserve inventory while imposing a heart-related penalty. Confidence: medium.",mixed,high,high,high,,,x,,,"The death rule crosses inventory, health, advancement, and player-state boundaries. It must not be enabled until disconnect and second-player observations prove atomic scope.","Ordinary death, keep-inventory setting, named/enhanted items, disconnect around death, respawn, second player observing, heart limits, vanilla control, absent and unsupported Matcha.","Evidence: generated/matcha/1.12/functions.json, scoreboards.json, and advancements.json. The comments state the author was concerned about multiplayer, but comments are not runtime evidence."
matcha.equipment,equipment,"data/smithing_table/recipe/bronze_chestplate.json;data/smithing_table/recipe/steel_chestplate.json;data/smithing_table/recipe/shakudo_elytra.json;assets/minecraft/equipment/bronze.json;assets/minecraft/equipment/electrum.json;assets/minecraft/equipment/shakudo.json;assets/minecraft/equipment/steel.json","Static source: smithing recipes return vanilla base IDs with max_damage, attribute_modifiers, equippable asset_id, item_model, and enchantments. bronze_chestplate returns copper_chestplate with armor and movement attributes; steel_chestplate returns iron_chestplate with armor, knockback resistance, and blast protection. The resource pack contains bronze, electrum, shakudo, steel, and elytra equipment assets.",partial,"Inference: The equipment definitions appear intended to add material sets and set bonuses around vanilla slots. Confidence: medium.",mixed,high,high,medium,,x,,,,"Extend only after exact identity, slot, death, trade, and container behaviour is stable. Forever equipment persistence must own durable state rather than Matcha components.","All armour and off-hand slots, swapping, death, containers, trades, missing model, vanilla equipment, absent and unsupported profile tests.","Evidence: generated/matcha/1.12/recipes.json, assets.json, registry-data.json. No runtime equipping or attribute trace was supplied."
matcha.durability,equipment,"data/endless_repairs/README.txt;data/endless_repairs/advancement/inventory_changed.json;data/endless_repairs/function/reset_breakable_repair_cost.mcfunction;data/crafting/recipe/copper_pickaxe.json;data/smithing_table/recipe/steel_dolabra.json;data/smithing_table/recipe/adamant_mattock.json","Static source: inventory_changed rewards reset_breakable_repair_cost. That function checks inventory slots and hotbar slots for minecraft:repair_cost, sets each observed repair_cost to zero, and revokes its advancement. Tool recipes assign max_damage and repairable components. No Matcha function intercepts an item reaching zero damage.",partial,"Inference: The namespace appears intended to remove the increasing anvil repair-cost barrier, but the archive does not establish a retained broken-item transition. Confidence: high for the observed commands, medium for purpose.",mixed,high,high,high,,,x,,,"This is the clearest FVR-101 interaction. Resetting repair_cost can synergise with retained broken items, but it does not itself prevent destruction and may bypass Forever repair-cost policy. Keep it disabled until FVR-101 identifies the break seam and an explicit precedence rule.","Damage at one and zero, repair through every route, enchantment interaction, container/trade movement, item preservation, FVR-101 regression, vanilla item control, Matcha absent, and unsupported profile.","Evidence: generated/matcha/1.12/functions.json and advancements.json. Flag for FVR-101 owner: preserve the original item on failed mapping and never assume repair_cost reset equals endless durability."
matcha.enchanting,enchanting,"data/minecraft/tags/enchantment/in_enchanting_table.json;data/blessings/recipe/mending.json;data/blessings/recipe/warding.json;data/main/enchantment/traversal.json;data/main/enchantment/warding1.json;data/main/function/enchantment_effects/warding_armour.mcfunction","Static source: 23 blessings recipes produce enchanted_book results with stored_enchantments and profile-specific item_model components. in_enchanting_table.json has replace true and contains #minecraft:curse. Registry enchantment data invokes effect functions, including traversal and warding, and warding_armour counts armour signatures before calling effect functions.",substantial,"Inference: The sources appear intended to move enchantment acquisition into crafted blessings and attach active effects to equipment. Confidence: medium.",restricted,high,high,medium,,,x,,,"The replace tag can alter the enchanting table globally. Keep ordinary enchanting available unless a specific audited override is accepted and ensure unknown enchantments stay vanilla-safe.","Ordinary table and anvil, disguised and vanilla items, incompatible combinations, stored enchantments, repair/reforge preservation, absent Matcha, and alternate resource-pack tests.","Evidence: generated/matcha/1.12/registry-data.json, recipes.json, functions.json, and tags.json. Runtime enchanting-table contents and effect ordering were not tested."
matcha.xp,progression,"data/main/function/setup/scoreboard.mcfunction;data/main/function/mechanic/anvil_xp/check_anvil_interaction.mcfunction;data/main/function/mechanic/anvil_xp/set_xp.mcfunction;data/main/function/mechanic/anvil_xp/remove_xp.mcfunction","Static source: anvil_interaction uses the vanilla custom interaction criterion. A positive interaction calls set_xp, which tags the player and sets them to 100 levels. remove_xp sets levels and points to zero for players without ExcludeFromXPRemoval, then removes that tag after the xp_timer window.",substantial,"Inference: The source appears intended to prevent anvil interactions from being bypassed by ordinary XP retention, but it also changes every player's XP according to a global tick path. Confidence: medium.",restricted,high,high,high,,,x,,,"Override is required because the observed commands can erase vanilla XP and conflict with any future Forever progression. Never let an unverified event consume or reset XP.","Small and large XP awards, level boundaries, anvil interaction, relog, death, two players, vanilla XP source, timer/restart, absent and unsupported Matcha.","Evidence: generated/matcha/1.12/functions.json and scoreboards.json. Exact stopwatch semantics and selector scope need a disposable-server trace."
matcha.spawners,mobs,"data/main/function/mechanic/spawn_mechanic/ticking.mcfunction;data/main/function/mechanic/spawn_mechanic/check_mob_spawn.mcfunction;data/main/function/mechanic/spawn_mechanic/modify_mob.mcfunction;data/main/function/mechanic/spawn_mechanic/safe_surface.mcfunction;data/main/tags/entity_type/mundane_hostiles.json","Static source: spawn_mechanic scans mundane_hostiles without SpawnChecked. In the overworld, creepers on surface_spawn and non-undead sky_spawn entities receive SpawnForbidden and are teleported down 10000. Remaining entities receive difficulty-specific modifications. No source path or command specifically targets a vanilla spawner block.",partial,"Inference: The generic spawn path appears intended to reshape hostile spawning and difficulty rather than implement a separate spawner rule. Confidence: medium.",mixed,high,medium,high,x,,,,,"Keep vanilla spawner semantics provisionally because no spawner-specific replacement was observed, but do not assume generic entity scanning is harmless.","Vanilla spawner activation and drops; multiple players; moved spawner; chunk unload; difficulty changes; peaceful; Matcha absent and unsupported profile; generic spawn control.","Evidence: generated/matcha/1.12/functions.json and tags.json. Classification is provisional because no runtime spawner control was supplied."
matcha.mob_drops,loot,"data/main/function/mechanic/spawn_mechanic/easy_modifications.mcfunction;data/main/function/mechanic/spawn_mechanic/normal_modifications.mcfunction;data/main/function/mechanic/spawn_mechanic/hard_modifications.mcfunction;data/minecraft/loot_table/entities/shulker.json;data/minecraft/loot_table/entities/wither_skeleton.json;data/minecraft/loot_table/entities/zombie_villager.json","Static source: difficulty modification functions set drop_chances to zero for mundane_hostiles, zombified_piglins, and piglins, and alter hostile attributes. Entity loot tables use killed_by_player, looting, random chance, and set_count functions for outputs.",partial,"Inference: The source appears intended to control equipment drops and make difficulty affect hostile combat and rewards. Confidence: medium.",mixed,high,medium,medium,,,x,,,"Override is required for item preservation, duplicate prevention, and future equipment identity. Preserve unknown loot instead of discarding it when the adapter is unavailable.","Direct and indirect kills, looting/luck, automation, quantities, rare branches, disguised outputs, vanilla control, absent resource pack, and unsupported profile.","Evidence: generated/matcha/1.12/functions.json and loot-tables.json. Static drop_chances do not prove final loot outcomes without a runtime trace."
matcha.villagers,villagers,"data/main/tags/entity_type/villager_friends.json;data/main/function/environmental/village_eerie_sound.mcfunction;data/main/function/environmental/kill_village_entity.mcfunction;data/main/function/environmental/village_entity_movement.mcfunction;data/minecraft/tags/villager_trade/armorer/custom_level_1.json;data/minecraft/trade_set/armorer/level_1.json","Static source: villager_friends includes villagers, wandering_traders, golems, wolves, cats, and players. Environmental village functions target mannequins and markers for movement, sounds, and cleanup. Profession trade tag families and trade_set files exist, but no source reviewed here stores a Matcha career, rank, or villager knowledge field.",unknown,"Inference: The source may use villagers as a protected or friendly target group and as a carrier for custom offers, but the per-villager versus world scope is not established. Confidence: low.",unknown,high,high,high,,,,,x,"Evidence is insufficient to classify mortality, schedules, careers, unload, and rejoin behaviour. Keep this decision debt visible rather than treating tags as a full villager system.","Named/new/transported villager; workstation and schedule; death; unload/rejoin; two players; vanilla control; absent and unsupported Matcha; inspect all career records.","Evidence: generated/matcha/1.12/tags.json, functions.json, unknown-paths.csv. Trade-set semantics are listed as unknown by the audit, so a runtime trace and format review are required."
matcha.trades,economy,"data/minecraft/trade_set/armorer/level_1.json;data/minecraft/trade_set/cleric/level_3.json;data/minecraft/villager_trade/armorer/1/comparator.json;data/minecraft/villager_trade/cartographer/3/abbey.json;data/minecraft/tags/villager_trade/armorer/custom_level_1.json;data/minecraft/tags/villager_trade/wandering_trader/maps.json","Static source: trade_set profession files point to villager_trade tag families. Individual offers define wants, gives, max_uses, and xp. The armorer comparator offer wants one emerald and gives 64 comparators. The cartographer abbey offer creates an exploration map, names it, and assigns an item_model. The audit classifies trade_set paths as unknown.",partial,"Inference: The source appears intended to extend villager and wandering-trader offers with high-volume material, map, and custom-content trades. Confidence: medium.",mixed,high,high,high,,,,,x,"The offer source is real, but loader semantics, restock, price changes, ownership, and per-villager scope have not been observed. Do not infer a stable economy contract from filenames.","Offer creation, repeated trades, max uses, restock while unloaded, failed trades, discounts, two players, ordinary offers, vanilla control, absent and unsupported Matcha.","Evidence: generated/matcha/1.12/tags.json, unknown-paths.csv, and cross-references.json. Exact runtime trade loading remains an open question."
matcha.obols_currency,economy,"data/main/advancement/recipe_unlocks/obol.json;data/main/advancement/tutorial/obtain_obol.json;data/minecraft/loot_table/archaeology/abbey/grave.json;data/minecraft/villager_trade/armorer/1/comparator.json","Static source: the obol recipe-unlock and tutorial advancements trigger on minecraft:emerald. The abbey grave loot table includes emerald. No Obol purse, balance scoreboard, deposit, withdrawal, transfer, overflow guard, or dedicated currency item source was observed.",partial,"Inference: Emerald appears to be used as a currency-like tutorial and trade input, while the evidence does not establish a separate Obol representation. Confidence: medium.",mixed,high,high,high,,,,x,,"Forever ADR 0008 calls for a hybrid physical and purse economy, so the emerald-based substrate should be replaced eventually through a migration-safe stable currency concept rather than guessed in the adapter.","Full purse, dropped currency, container, death, relog, trade transfer, two-player transfer, duplication and overflow, vanilla emerald control, absent and unsupported Matcha.","Evidence: generated/matcha/1.12/advancements.json and loot-tables.json. No source path establishes that every emerald is an Obol, so ordinary emeralds must remain ordinary until a signature is proven."
matcha.shulkers,storage,"data/blessings/recipe/silk_touch.json;data/minecraft/loot_table/entities/shulker.json;assets/minecraft/models/block/shulker_box.json;data/crafting/recipe/sack.json;assets/minecraft/models/item/shulker_spawn_egg.json","Static source: silk_touch blessing consumes a shulker_shell. The shulker entity loot table returns a shulker_box after killed_by_player and a looting-sensitive random chance. Shulker block/item model resources and a sack recipe are present. No Matcha function specifically prohibits nesting or copies shulker contents.",none,"Inference: Matcha appears to leave core shulker storage behaviour to vanilla while adding related recipes and presentation. Confidence: low.",additive,medium,high,medium,x,,,,,"Keep provisionally because no replacement of container semantics was traced. Revisit when Forever container-safety rules and any translated item movement are implemented.","Shulker in every relevant container; translated item inside shulker; break/place; dimensions; missing resource pack; vanilla control; absent and unsupported Matcha.","Evidence: generated/matcha/1.12/loot-tables.json, assets.json, and recipes.json. The absence of a nesting hook is static evidence only, not a runtime guarantee."
matcha.loot,loot,"data/minecraft/loot_table/chests/abbey/tower.json;data/minecraft/loot_table/entities/shulker.json;data/minecraft/loot_table/blocks/campfire.json;data/minecraft/loot_table/archaeology/abbey/grave.json;data/minecraft/loot_table/chests/nether_bridge.json","Static source: the archive contains 293 minecraft namespace loot tables covering chest, fishing, block, entity, shearing, archaeology, block_interact, gift, and barter types. Examples use set_damage, set_components, weighted pools, nested loot_table entries, random_sequence, and custom item_model components.",partial,"Inference: The broad vanilla-namespace table set appears intended to retune ordinary drops and structure contents, but the purpose and final balance vary by table. Confidence: low.",mixed,high,high,medium,,,,,x,"The system is too broad to approve as one behaviour without table-by-table runtime comparison. Keep unknown or failed mappings on vanilla loot and preserve recoverable source records.","Inventory every caller and pool; chest/entity/block controls; luck and random seeds; rare branches; missing references; vanilla control; absent resource pack; unsupported profile.","Evidence: generated/matcha/1.12/loot-tables.json, cross-references.json, unresolved-references.csv. No complete runtime loot comparison was supplied."
matcha.structures,worldgen,"data/minecraft/worldgen/structure_set/abbey.json;data/minecraft/worldgen/structure/abbey_overgrown.json;data/minecraft/worldgen/structure_set/villages.json;data/minecraft/worldgen/structure/village_desert.json;data/minecraft/structure/abbey/default/entrances/entrance_0.nbt;data/minecraft/structure/village_beta/town_centers/well.nbt;data/minecraft/tags/worldgen/biome/has_structure/abbey_overgrown.json","Static source: 43 structure NBT files include abbey, village_beta, pillager_outpost, and igloo paths. abbey.json random-spreads abbey_overgrown with an exclusion zone around villages. abbey_overgrown is a jigsaw structure using an overgrown tower pool. village_desert and the other village structures use village_beta template pools, and villages.json places five village variants.",substantial,"Inference: The source appears intended to replace or reshape vanilla structure generation while adding abbey and village template families. Confidence: high for the generation hooks, medium for purpose.",mixed,high,high,medium,,,x,,,"World generation is a save-level decision. Keep the conservative Forever posture and do not alter existing chunks or structure references without a migration and disposable-world comparison.","Fresh world generation with fixed seed; locate each entry point; missing pool/reference; existing village preservation; chunk boundaries; Matcha absent and unsupported profile.","Evidence: generated/matcha/1.12/worldgen.json, vanilla-overrides.csv, and cross-references.json. NBT contents were inventoried but not decoded into block/entity observations by the generated report."
matcha.nether,dimensions,"data/main/advancement/hell/root.json;data/main/advancement/tutorial/enter_nether.json;data/main/function/environmental/nether_water.mcfunction;data/main/function/setup/scoreboard.mcfunction;data/crafting/recipe/nether_bricks_from_smelting_netherrack.json;data/minecraft/worldgen/biome/nether_wastes.json","Static source: hell/root and tutorial/enter_nether detect changed_dimension to minecraft:the_nether. setup creates water_bucket_used. nether_water removes water in three bounded volumes around a player matching invalid_nether_water after a water-bucket-use score. A recipe smelts netherrack into nether bricks.",partial,"Inference: The source appears intended to make Nether water handling explicit and to tutorialize Nether entry while retaining some material processing. Confidence: medium.",restricted,high,high,medium,,,x,,,"Override the water safety rule only with exact dimension and event ordering, and keep progression instructions stable when Matcha is absent.","First entry, return, death, portals with multiple players, water bucket controls, recipe control, vanilla Nether control, absent and unsupported Matcha.","Evidence: generated/matcha/1.12/functions.json, advancements.json, recipes.json, and predicates.json. Runtime portal and water observations were not supplied."
matcha.end,dimensions,"data/main/advancement/end/root.json;data/main/advancement/end/kill_dragon.json;data/main/function/mechanic/first_dragon_killed_reward.mcfunction;data/main/advancement/end/smith_bronze_elytra.json;data/main/advancement/end/smith_shakudo_elytra.json;data/smithing_table/recipe/bronze_elytra.json;data/smithing_table/recipe/shakudo_elytra.json","Static source: end/root detects changed_dimension to minecraft:the_end. kill_dragon detects a player kill of ender_dragon and runs first_dragon_killed_reward. That function summons a nether_star at 0 100 0, sets gamerule_safe_surface, and may change difficulty. End advancements and smithing recipes reference bronze and shakudo elytra.",partial,"Inference: The source appears intended to make dragon completion change later surface-spawn behaviour and to add material variants of elytra. Confidence: medium.",mixed,high,high,medium,,,x,,,"Override the dragon reward and flight-related item identity only after ADR 0013 glider tests and a server-authoritative, repeat-safe reward path exist.","First End entry, dragon kill, repeat kill, return, death, multiple players, elytra/rocket control, absent Matcha, and vanilla End control.","Evidence: generated/matcha/1.12/advancements.json, functions.json, recipes.json, and worldgen.json. No runtime dragon or flight trace was supplied."
matcha.weather_environment,environment,"data/main/function/setup/gamerules.mcfunction;data/main/function/environmental/day_cycle_extender.mcfunction;data/main/function/mechanic/sleep.mcfunction;data/main/function/mechanic/set_rain.mcfunction;data/main/function/mechanic/set_clear_weather.mcfunction;data/main/function/environmental/check_freezing_water_conditions.mcfunction;data/main/function/environmental/freezing_water.mcfunction;data/minecraft/tags/worldgen/biome/is_frozen.json","Static source: setup/gamerules disables advance_time. day_cycle_extender adds one time unit and reschedules after 3 ticks. sleep adds 120 time and clears weather for a sleep timer. set_rain and set_clear_weather issue weather commands. Freezing-water checks a frozen-biome tag and applies slowness, darkness, and freeze damage.",substantial,"Inference: The source appears intended to control time progression, sleep weather, and cold-water hazards independently of a climate provider. Confidence: medium.",restricted,high,high,high,,,x,,,"Override only through a climate abstraction and bounded server events. Do not impose season gates or global time assumptions on vanilla worlds.","Clear/rain/thunder, sleep, biome boundary, unloaded area, dimension, freezing protection, two players, vanilla weather control, absent and unsupported Matcha.","Evidence: generated/matcha/1.12/functions.json, tags.json, worldgen.json, and scoreboards.json. No climate runtime trace exists."
matcha.darkness,environment,"data/main/function/environmental/freezing_water.mcfunction;data/main/function/enchantment_effects/cleanse_armor_head.mcfunction;data/main/function/enchantment_effects/cleanse_armor_maleffect.mcfunction;data/main/enchantment/cleanse_armor_head.json;data/main/enchantment/cleanse_armor_maleffect.json","Static source: freezing_water gives minecraft:darkness for five seconds as part of a frozen-water hazard. cleanse_armor_head clears blindness and darkness. cleanse_armor_maleffect clears darkness along with poison, wither, fatigue, weakness, infested, weaving, nausea, oozing, and slowness. No global light threshold or client overlay function was observed.",partial,"Inference: Darkness appears to be a conditional hazard and an equipment-cleansable effect rather than a global visibility rewrite. Confidence: medium.",mixed,medium,medium,medium,,x,,,,"Extend only the confirmed effect interaction. Do not infer a light-level mechanic from the presence of a darkness effect or resource assets.","Boundary light levels, dimensions, freezing water, blindness/darkness effects, alternate resource packs, client settings, two-player comparison, absent and unsupported Matcha.","Evidence: generated/matcha/1.12/functions.json and registry-data.json. Runtime visibility and accessibility effects remain untested."
matcha.multiplayer,multiplayer,"data/main/advancement/multiplayer_support/check_if_new_player_has_joined.json;data/main/function/setup/update_players.mcfunction;data/main/function/setup/scoreboard.mcfunction;data/main/function/setup/ticking_functions.mcfunction;data/main/function/mechanic/wandering_trader/check_wandering_trader_timer_loop.mcfunction","Static source: a location advancement repeatedly rewards setup/update_players. update_players revokes itself, initializes missing version_number, calls setup/scoreboard, and calls the recipe-unlock reset when a player's version is older. Many tick functions iterate @a and then use @p; trader state combines player tags, marker entities, and marker scoreboards.",substantial,"Inference: The source appears intended to repair per-player initialization after joining a running world, but selector and marker scope can cross player boundaries. Confidence: high for the observed scope, low for correct outcome.",mixed,high,high,high,,,x,,,"Override with a server-authoritative lifecycle adapter or narrow per-player bridge. Never rely on a global reload to initialize a joining player.","Two players joining at different times; simultaneous actions; death; ownership; disconnect/rejoin; marker scope; scoreboard scope; vanilla control; absent and unsupported Matcha.","Evidence: generated/matcha/1.12/functions.json, advancements.json, scoreboards.json. Source comments explicitly identify join handling as a concern, but comments are not proof of correctness."
matcha.recipes,recipes,"pack.mcmeta;data/main/function/setup/revoke_all_recipe_unlock_advancements.mcfunction;data/main/advancement/recipe_unlocks/diamond.json;data/food/recipe/green_curry.json;data/blessings/recipe/mending.json;data/smithing_table/recipe/bronze_pickaxe.json;data/crafting/recipe/stone_from_stone_slabs.json","Static source: the audit records 1076 recipes across crafting, stonecutting, food, smithing_table, smoking, blasting, blessings, debug, smelting, and custom_music namespaces. Recipes include crafting, smelting, blasting, smoking, campfire, and smithing transforms. setup/revoke_all_recipe_unlock_advancements explicitly revokes recipe unlocks, and pack.mcmeta filters many minecraft recipe and advancement paths.",substantial,"Inference: The recipe corpus appears intended to establish a broad alternative progression and retune vanilla recipe visibility. Confidence: high for corpus scope, medium for purpose.",restricted,high,high,high,,,x,,,"Override only through a versioned recipe observation and precedence layer. Preserve ordinary recipes when Matcha is absent, unsupported, or ambiguous.","Discovery, shift-click, automation, recipe conflict, substitutions, unlock rewards, absent datapack/resource pack, alternate resource pack, vanilla controls, and unsupported profile.","Evidence: generated/matcha/1.12/summary.md, recipes.json, advancements.json, pack-filters.json, and vanilla-overrides.csv. Counts are static inventory facts, not proof that every recipe loads or wins precedence."
matcha.advancement_tutorialization,tutorial,"data/main/advancement/tutorial/root.json;data/main/advancement/tutorial/obtain_kiln.json;data/main/advancement/tutorial/light_campfire.json;data/main/advancement/tutorial/enter_nether.json;data/main/advancement/tutorial/trade_everything.json;data/main/advancement/cooking_recipes/chorus_mochi_recipe.json","Static source: the audit records 244 advancements. tutorial/root is a hidden toast root triggered by minecraft:tick. Tutorial entries use item_used_on_block, inventory_changed, location, villager_trade, and changed_dimension criteria, while recipe-related entries reward recipes. obtain_kiln, light_campfire, enter_nether, and trade_everything are concrete tutorial branches with translated titles or descriptions.",partial,"Inference: The advancement tree appears intended to provide inspectable instructions and milestone feedback rather than only hidden gating. Confidence: medium.",guided,medium,medium,medium,,x,,,,"Extend the instructional projection but suppress duplicate or unsupported entries through the adapter. Unknown criteria must not be presented as confirmed instructions.","Fresh player, completed criterion, reset criterion, absent pack, unsupported version, missing translation, vanilla advancement control, and two-player announcement behaviour.","Evidence: generated/matcha/1.12/advancements.json and functions.json. The archive has no controlled observation of toast, chat, visibility, or reset timing."
matcha.resource_pack_identity,items,"pack.mcmeta;assets/minecraft/items/heart_container.json;assets/minecraft/items/bronze_pickaxe.json;assets/minecraft/models/item/bronze_pickaxe.json;assets/minecraft/lang/en_us.json;assets/minecraft/textures/item/heart_container.png","Static source: the resource inventory contains 309 item-definition files, 713 models, and 1675 textures. Data recipes and loot assign minecraft:item_model, item_name, lore, and other components to vanilla base IDs. pack.mcmeta contains data and resource filters. Language, model, and texture resources are in the minecraft namespace.",substantial,"Inference: The resource set appears intended to present many gameplay items as distinct objects while keeping server IDs vanilla. Confidence: medium.",mixed,high,high,medium,,,x,,,"Override visual identity translation with exact server components. A replaced, missing, renamed, or partial resource pack must not change server truth or cause a guessed identity.","Matcha resource pack, vanilla and alternate packs, missing model, renamed item, ordinary same-base stack, server correctness without client assets, absent and unsupported Matcha.","Evidence: generated/matcha/1.12/assets.json, vanilla-overrides.csv, metadata.json, and pack-filters.json. Identity decisions must not use colour, texture, lore, or display name alone."
matcha.mod_compatibility,compatibility,"pack.mcmeta;data/minecraft/tags/function/load.json;data/minecraft/tags/function/tick.json;data/minecraft/timeline/day.json;data/minecraft/trade_set/armorer/level_1.json;CREDITS.txt","Static source: the archive is a datapack/resource-pack with data namespaces including main, food, blessings, endless_repairs, and minecraft, and resource namespaces matcha and minecraft. The load and tick tags target main functions. No Java mod entrypoint or loader API is present in the archive. The generated reports retain 60 unresolved references and 95 unknown paths, including timeline, trade_set, and text files.",unknown,"Inference: The archive assumes control of many vanilla namespace resources and relies on datapack lifecycle ordering, but the interaction with other packs and dedicated-server loading is not established. Confidence: low.",mixed,high,high,high,,,,,x,"Do not classify namespace collision or lifecycle assumptions as safe without a dedicated-server and pack-order experiment. Keep the adapter fail-closed for anything outside the pinned profile.","Matcha present; absent; unexpected version; malformed metadata; pack order; dedicated server; alternate resource pack; relevant optional mods present and absent; no-op startup.","Evidence: generated/matcha/1.12/metadata.json, namespaces.json, cross-references.json, unknown-paths.csv, unresolved-references.csv, and vanilla-overrides.csv. This is a compatibility classification, not a claim that every unresolved reference is a runtime defect."