resource_or_problem,current_vanilla_pressure,common_optimal_farm,why_players_feel_forced,matcha_behavior,active_route,civic_route,technical_route,trade_route,discovery_route,passive_output_cap_needed,nerf_needed,existing_mod_support,custom_work_required,open_questions
"iron","Iron feeds tools, hoppers, rails, anvils, armour, and many automation builds. Early mining is finite and slow compared with late demand.","Iron golem farm, often combined with a trading hall.","The same material is needed for both basic infrastructure and high-volume automation, while a correct farm runs unattended and outperforms ordinary mining.","Observed recipes and trades use iron for tools, rails, anvil, hopper, and an iron-ingot-from-iron-materials conversion. Vanilla-namespace item definitions also exist. No iron-farm rule is established by the static audit. Evidence: generated/matcha/1.12/recipes.json, registry-data.json, assets.json. Runtime throughput is UNKNOWN. Check a disposable-server rate trace and farm interaction test.","Mining, salvage, and deliberate quarry work remain useful for the first stock and for players who enjoy active extraction.","A registered mine, smithy, or settlement recycling service can fulfil declared iron demand with workers and storage.","An engineered farm or smelter may reach high throughput, but it needs real inputs, infrastructure, mob management, and bounded output handling.","Smiths, merchants, or freight routes can import iron against a real order rather than an abstract infinite balance.","Ore exposure, ruins, and regional geology can teach safe extraction and processing without granting a permanent multiplier.","Yes. Saturate at bounded storage or declared demand. Unattended output should lose value sharply once receiving capacity is full.","No blanket nerf before repair, rail, and project supply alternatives are measured. Revisit only if the farm still dominates after those routes exist.","Vanilla farms are available. Technical production mods are provisional and none is selected for 26.2 yet.","Define shared demand, warehouse, and output-cap rules without replacing every farm with custom Java.","What iron-per-hour target makes mining, civic supply, and engineering comparably sensible for different project scales?"
"XP","Experience levels pay for enchanting, anvil work, and often modded progression. Vanilla farms turn the general-purpose currency into a bankable commodity.","Mob grinder, gold farm, furnace XP bank, or villager trading loop.","Many unrelated systems consume the same resource, so an XP farm becomes a prerequisite even for players who dislike combat or redstone engineering.","Observed scoreboard objective anvil_interaction and functions that set a player to 100 levels, then remove levels and points outside an exclusion tag. This is classified as an override. Evidence: generated/matcha/1.12/functions.json, scoreboards.json, docs/matcha-audit/system-classification.csv. Exact timing and selector scope are UNKNOWN without a runtime trace. Check two-player, restart, and vanilla-control traces.","Meaningful exploration, first-time discoveries, completed projects, and demonstrated technique provide progression evidence without raw action volume.","Training, workshops, and civic projects can reward knowledge or service access instead of forcing every player to bank XP.","XP farms remain a first-class engineering option when their inputs, storage, and demand are explicit, but AFK accumulation must saturate.","Repair, training, and commissions can use visible service costs. A fee should not silently become a second XP farm.","Learning a new recipe, route, or technique can award a bounded first-understanding milestone.","Yes. Cap passive XP storage or conversion and make long unattended sessions sharply less valuable.","Do not remove vanilla XP before alternative repair and progression routes work. The Matcha XP override itself needs narrow replacement or disablement because it can erase XP.","Vanilla farms and furnace banking exist. No selected cross-mod XP support is verified for 26.2.","Separate Forever mastery evidence from player XP, then adapt Matcha through stable concepts rather than importing its scoreboard semantics.","Should XP remain a vanilla resource alongside evidence-based mastery, and which services may consume it after repair is available?"
"Mending","Mending collapses replacement and repair costs into a single enchantment when paired with a renewable XP source.","Librarian trading hall, loot search, or villager rerolling.","A player who wants durable tools is pushed towards villager infrastructure and XP production before they can enjoy the work they actually value.","Observed blessings:mending recipe and hell_bound_book recipe-unlock path. The enchanting-table tag has replace=true and the archive contains 23 blessing recipes. Evidence: generated/matcha/1.12/recipes.json, advancements.json, tags.json; runtime availability and final cost are UNKNOWN. Check recipe unlock, enchanting-table, anvil, and trade traces.","Field repair kits and expedition salvage keep a trip viable without requiring the enchantment.","Workshops and smiths provide full repair through materials, time, or a service contract.","A bounded repair station can automate handling only with real repair inputs and atomic transactions.","Librarians, smiths, and merchants may sell a repair service or a known book, not an unlimited free durability loop.","First learning of a repair technique can explain the process and unlock a route without making Mending the only answer.","No direct passive output. Cap repair throughput by materials, service slots, and demand rather than by item deletion.","No blanket removal before the field, workshop, and economic routes are usable. Classify or disable the Matcha blessing path only after a compatibility decision.","Vanilla anvil and Matcha blessing recipes are present. Repair-service mods are provisional.","Resolve precedence between vanilla Mending, Matcha blessings, and Forever equipment repair while preserving named item identity.","Should Mending remain a scarce convenience, a translated repair technique, or an optional route that never bypasses repair costs?"
"Totems","A Totem of Undying converts a rare danger buffer into a renewable safety stock when raids are farmed.","Raid farm or repeated evoker kills.","High-risk exploration feels incomplete without a stockpile because one farm can turn an exceptional rescue into routine equipment.","UNKNOWN: the audit contains three totem references across generated reports but no dedicated reviewed totem classification. Check generated/matcha/1.12/loot-tables.json, registry-data.json, functions.json, and a disposable runtime trace for acquisition, use, and repeatability.","Dangerous structures, bosses, and expeditions can provide limited first access and meaningful risk.","Sanctuaries, rescue services, safer routes, and prepared shelters reduce the need for a consumable death override without removing danger.","Raid farms remain a legitimate engineering route, but encounter rates and output need bounded demand and no infinite stacking benefit.","A steward can sell rescue preparation, route insurance, or a limited totem supply with visible scarcity.","A first structure or encounter can teach the protection's existence without turning every expedition into a checklist.","Yes. Bound passive stock by storage or expected demand. Do not award permanent defensive percentages from repeated structures.","No direct nerf until alternative safety and recovery routes are tested. If supply remains dominant, adjust encounter economics rather than deleting the established playstyle.","Vanilla raid farms are available. No additional 26.2 support is verified.","Add adventure-instance claims, safe recovery, and explicit protection rules only after Matcha totem evidence is traced.","Is the Matcha reference a normal item, a disguised identity, or a structure reward, and how should it coexist with heirloom recovery?"
"gunpowder","Gunpowder is consumed by rockets, TNT, fire charges, and several technical recipes. Its value is tied to mobility and large-scale excavation.","Creeper farm, witch farm, or general hostile mob farm.","Rocket travel and explosive projects create continuous demand, while a creeper farm supplies it unattended at a scale active hunting cannot match.","Observed gunpowder references in ore and chest loot, plus sulfur conversion recipes and recipes for fire charge, TNT, benzene, phosphor, and dyes. No farm suppression is established; farm behaviour is UNKNOWN. Check loot and farm traces. Evidence: generated/matcha/1.12/recipes.json, loot-tables.json, functions.json.","Creeper hunting, structure exploration, and mining provide active early supply.","A chemical works or explosives guild can handle declared project demand with safe storage and licensing.","Creeper farms remain first-class engineering, but rates, storage, and rocket demand must be bounded.","Gunpowder or processed sulfur can be traded and shipped from a known source.","Finding sulfur, hostile habitats, or an explosives technique can open options without requiring a farm.","Yes. Bound unattended gunpowder by receiving capacity and rocket or project demand.","Potential narrow travel rebalance only after rail, ports, and bedroll routes work. Do not ban creeper farms as a first response.","Vanilla hostile farms and Matcha sulfur-related recipes are present. Technical production candidates are provisional.","Make rocket consumption, explosive safety, and passive caps data-driven while preserving normal combat and mining.","What rocket and TNT demand should count as healthy engineering throughput rather than mandatory flight upkeep?"
"rockets","Firework rockets make Elytra the fastest answer to most long-distance travel and consume gunpowder and sugarcane at scale.","Creeper farm plus sugarcane farm, often with a shulker transport loop.","Without an equally reliable repeated-route service, players rush the End, Elytra, and two farms before building the world they want.","UNKNOWN: generated reports record Elytra advancements, recipes, and resource assets, but no static rule establishes the final rocket-flight relationship. Check generated/matcha/1.12/functions.json, recipes.json, assets.json, and a disposable runtime flight trace.","Walking, horses, boats, gliding, and first-trip exploration remain valid. Rockets support difficult crossings rather than every commute.","Roads, passenger rail, ports, and established services make fixed routes better than personal flight.","Rocket production remains a high-throughput technical route with real sugarcane, gunpowder, storage, and handling costs.","Rocket supply can be bought, while fares for a route service offer a non-flight economic alternative.","The first Elytra or glider discovery can unlock scouting without making rockets the mandatory artifact rush.","Yes for sugarcane and gunpowder inputs. Inventory caps alone are not enough; demand saturation and diminishing unattended value are also needed.","A narrow travel-balance intervention is already the subject of ADR 0013. Do not apply it until rail and other fixed-route alternatives are usable and measured.","Vanilla rockets are available. Rail, boat, and flight-adjacent mods are provisional for 26.2.","Integrate travel services, rocket policy, and route validation without making the client decide movement outcomes.","What fixed-route service time and capacity reliably beat flight without making exploration feel slow?"
"stone","Stone, cobblestone, deepslate, and variants are consumed by ordinary building, roads, furnaces, and civic projects at enormous volume.","Cobblestone or stone generator, quarry, TNT quarry, or mining beacon.","The material is common but project quantities are huge. A generator saves enough labour that builders feel required to construct one before starting a major design.","Observed blasting recipes convert stone, smooth stone, stone bricks, and mossy variants, and mason trade records include stone families. No passive stone-generator rule is established; runtime farm interaction is UNKNOWN. Check generator, processing, and storage traces. Evidence: generated/matcha/1.12/recipes.json, registry-data.json, loot-tables.json.","Mining, quarrying, and terrain reuse remain satisfying active routes.","A registered quarry, stoneworks, or settlement order converts physical extraction into a predictable civic supply.","Generators and processing lines may reach high throughput with real fuel, space, wear, design, and output handling.","Masons and carriers can sell or import common stone against project demand.","A discovered strata, quarry, or ruin can teach material families and useful processing.","Yes. Saturate at warehouse capacity or project demand, with no value for unhandled overflow.","No stone-generator nerf before civic supply, building assistance, and trade routes are usable. Reassess dominance with project-scale tests.","Vanilla generators and Matcha processing recipes are available. Create-style production is provisional.","Define project demand and storage caps without making the server simulate every block in a quarry.","What project sizes and delivery times should set the parity target for mining, civic quarrying, and engineering?"
"wood","Wood is a universal input for tools, fuel, chests, rails, buildings, and early infrastructure. Replanting does not remove the repetitive harvest pressure.","Large tree farm, TNT tree farm, or manually optimised plantation.","Every path consumes wood, and a high-throughput farm removes the labour cost while still allowing unlimited stockpiles.","Observed wood references and extensive log trade records exist, but no wood-growth or farm-control mechanic is established in the static audit. Evidence: generated/matcha/1.12/recipes.json, registry-data.json, cross-references.json. Growth behaviour is UNKNOWN.","Manual forestry, varied species harvesting, and landscape stewardship remain valid.","A managed woodland, forester, or settlement timber yard supplies declared needs and replaces wasteful repeated trips.","Tree farms remain first-class when they require space, saplings, time, and output handling. AFK overflow has no value.","Timber can be commissioned or shipped from a known forest with species and quality visible.","The first forest or species discovery can add regional identity and knowledge.","Yes. Cap passive output at storage or demand and make unhandled logs worthless rather than endlessly accumulating.","No blanket tree-farm nerf before managed woodland, trade, and freight alternatives exist.","Vanilla farms and Matcha log trade records are available. Forestry mods are provisional.","Add species-aware supply tags and bounded output without forcing a custom tree simulation.","How should rare species retain regional value after a player establishes a sustainable local source?"
"sand","Sand feeds glass, concrete, sandstone, bottles, and explosives. Vanilla supply is geographically concentrated and duplication has historically been attractive.","Desert quarry, gravel conversion, or a sand duplication machine.","Large glass and concrete projects consume thousands of blocks, while normal digging damages a region and engineered duplication feels mandatory for scale.","Observed recipes include sand from blasting gravel, quartz from blasting sand, red sand from sand and iron, and multiple sand-related loot references. No duplication rule is established; duplication behaviour is UNKNOWN. Check duplication and output-saturation traces. Evidence: generated/matcha/1.12/recipes.json, loot-tables.json, advancements.json.","Desert, river, and badlands extraction remain valid first supplies and exploration targets.","A registered glassworks or quarry can fulfil project orders while making landscape impact and stock visible.","Conversion and duplication may be engineered, but throughput requires inputs, infrastructure, storage, and explicit output handling.","Sand and glass can be imported from a known region or purchased from a mason or carrier.","A first desert or badlands discovery can teach source, colour, and processing options.","Yes. Cap passive or duplicated output at bounded storage and live demand. Long AFK sessions should saturate quickly.","Do not remove duplication or mass mining before a satisfying glass and concrete supply exists. If needed, target unbounded output handling rather than all technical play.","Vanilla smelting and Matcha conversion recipes are available. Processing mods are provisional for 26.2.","Define region impact, supply caps, and project demand without requiring world-wide sand scans.","Can a quarry, glassworks, or trade route meet mega-build demand without making a desert disposable?"
"gravel","Gravel is needed for concrete, flint, paths, and sand conversion. It is awkward to gather at project scale and often becomes a by-product problem.","Gravel mining, piglin bartering, or duplication.","It is easy to need a large quantity and unpleasant to collect manually, while the same infrastructure can produce sand or flint.","Observed gravel block loot and a blasting recipe converting cobbled materials to gravel. Evidence: generated/matcha/1.12/loot-tables.json, recipes.json, advancements.json. No farm-specific behaviour is established; runtime farm behaviour is UNKNOWN. Check mining, bartering, and conversion traces.","Riverbed, mountain, and underground extraction provide active supply.","A quarry or aggregate works can combine gravel, flint, sand, and concrete orders.","A crusher or generator can scale only with real inputs, fuel, space, and output handling.","Aggregate can be purchased or moved with a physical freight order.","Finding a gravelly biome or learning the conversion route adds useful regional knowledge.","Yes. Cap aggregate overflow at storage or demand; stop crediting production once buffers are full.","No direct nerf before aggregate works and sand/glass routes are available. Preserve bartering and active mining.","Vanilla mining, bartering, and Matcha blasting recipe are available. Crusher mods are provisional.","Unify aggregate demand and prevent conversion chains from becoming hidden infinite loops.","Should gravel-to-sand conversion be a low-efficiency safety valve, a specialist process, or both?"
"clay","Clay supports bricks, terracotta, pottery, mud construction, and decorative projects. Large palette builds exhaust local deposits.","Mud-to-clay or dripstone clay farm, river excavation, or trading.","Aesthetic building needs clay in bulk, but manual collection is slow and biome-specific, so a farm becomes preparation rather than a creative choice.","Observed recipes include clay from mud and potion and clay balls from clay, plus archaeology and clay statue records. Evidence: generated/matcha/1.12/recipes.json, advancements.json, loot-tables.json. No growth or farm rule is established; runtime growth and farm behaviour are UNKNOWN. Check mud, dripstone, and crop traces.","River, swamp, and archaeology gathering remain valid active routes.","A brickworks, pottery, or mason service can turn a declared clay demand into local stock.","Mud, water, dripstone, and processing systems may be engineered with bounded inputs and storage.","Clay, terracotta, or finished masonry can be traded or shipped.","A first wetland, ruin, or pottery practice can reveal material families and safe processing.","Yes. Saturate at storage or active project demand; never build an unbounded hidden reserve.","No clay-farm nerf before brickworks, trade, and project supply alternatives exist.","Vanilla mud/dripstone routes and Matcha clay recipes are available. Pottery mods are provisional.","Define substitutions and regional supply without making a required aesthetic or architecture style.","How should rare terracotta colours and local clay remain meaningful after home production is established?"
"glass","Glass and panes are consumed by windows, bottles, stations, and many decorative or technical builds. The input chain inherits sand pressure.","Automated furnace array fed by a sand quarry or duplication machine.","Glass is fragile to place manually and appears in large counts, so players feel compelled to industrialise before building.","Observed glass recipes, glass bottle recipes, glass-pane unlocks, and food recipes returning bottles. Evidence: generated/matcha/1.12/recipes.json, advancements.json, assets.json. No special glass production rule is established; runtime production is UNKNOWN. Check furnace, processing, and automated-output traces.","Manual smelting and small glassworks remain useful for early homes and prototypes.","A civic glassworks can fulfil project orders, recycle declared inputs, and provide a local service.","Furnace arrays and processing lines remain a first-class engineering route when fuel, sand, storage, and output handling are real.","Glassmakers can sell or ship panes, bottles, and other finished goods.","A desert, ruin, or old glassworks can reveal recipes and regional palette options.","Yes. Cap automated output by receiving capacity and active demand, not by making furnaces slow for everyone.","Do not nerf glass processing independently of sand alternatives. First make civic works and trade genuinely usable.","Vanilla smelting and Matcha recipe extensions are available. Processing mods are provisional.","Provide recipe-viewer explanations and safe handling of fragile outputs without changing ordinary glass placement.","What output buffer and project-order model makes a glassworks valuable without becoming a required factory?"
"slime","Slimeballs power pistons, leads, sticky blocks, and technical construction. Supply is location- and spawn-dependent.","Slime-chunk farm, swamp farm, or Nether portal farm.","Redstone projects can stop entirely without slime, and locating a viable farm is opaque enough that players often use a guide or a large technical build.","Observed recipes include vanilla slime ball from slime block and a Matcha slime-ball recipe using lime dye and a shulker spawn-egg signature. A slime tag and loot references exist, but no slime spawn balance is established. Evidence: generated/matcha/1.12/recipes.json, tags.json, loot-tables.json. Runtime identity handling is UNKNOWN. Check the exact signature, spawn, and recipe runtime traces.","Swamp exploration, slime hunting, and salvaging slime blocks provide active routes.","A technical workshop or settlement stockroom can prepare redstone orders from declared slime supply.","Slime farms remain first-class, but spawning, output, and storage must be bounded and not feed recursive duplication chains.","Slimeballs and finished components can be traded or shipped after a source is known.","Discovering a swamp, slime chunk, or safe processing recipe can reveal the possibility without demanding a farm immediately.","Yes. Cap passive slime output at storage or technical demand, with no value for overflow.","No spawn nerf before alternate discovery, trade, and workshop supply exist. Avoid touching farms to solve an information problem.","Vanilla slime routes and Matcha slime recipes are available. Technical alternatives are provisional.","Audit disguised inputs exactly and keep unknown signatures on the vanilla-safe path.","Does the Matcha slime recipe represent an intentional alternate route or a disguised identity that must be disabled?"
"prismarine","Prismarine, crystals, and sea lanterns are tied to ocean monuments and large decorative or lighting builds.","Guardian farm, ocean monument clearing, or monument trading.","A single structure supplies both rare building blocks and a technical light source, so builders are pushed into a hostile farm before they can use the palette.","Observed prismarine, dark prismarine, prismarine-brick, and sea-lantern recipes, plus prismarine-shard-to-crystals processing and alloy recipes. No guardian spawn rule is established; guardian output behaviour is UNKNOWN. Check monument, guardian, and farm output traces. Evidence: generated/matcha/1.12/recipes.json, advancements.json, loot-tables.json.","Ocean exploration, monument clearing, and salvaged blocks supply the first stock.","A coastal works or mason can process monument materials into a declared local order.","Guardian farms remain a strong engineering route with real build, spawn, and output-handling costs.","Prismarine blocks, crystals, or finished lights can be traded and shipped from coastal regions.","The first monument or warm-ocean discovery can unlock a palette and a technique without requiring repeat farming.","Yes. Cap passive guardian output by demand and storage. Do not let monument bonuses stack infinitely.","No guardian-farm nerf before coastal trade and masonry alternatives exist. Preserve technical mastery as a valid route.","Vanilla monuments and Matcha processing recipes are available. Ocean and masonry mods are provisional.","Define a bounded structural reward and avoid making one rare structure the only source of all coastal building capability.","How much prismarine should a first monument provide before a farm becomes the efficient but optional specialist path?"
"gold","Gold feeds powered rails, redstone timing, barter, clocks, equipment, and high-value food. Nether farms create enormous surplus.","Zombified piglin or Nether gold farm, sometimes paired with bartering.","Gold is both a technical input and a currency-adjacent material, while a farm can produce more than ordinary projects consume.","Observed raw-gold-to-ingot and golden equipment recipes, powered-rail recipes, and many gold loot references. Matcha difficulty functions set drop_chances for piglins and zombified piglins, but final gold output is UNKNOWN without runtime tests. Check piglin drops, farm rates, and Matcha precedence. Evidence: generated/matcha/1.12/recipes.json, loot-tables.json, functions.json, docs/matcha-audit/system-classification.csv.","Mining, Nether expeditions, and treasure remain active sources.","A railworks, mint, or settlement works can consume gold against declared routes or projects.","Gold farms remain first-class engineering, but bartering, rail demand, and storage must saturate rather than reward infinite AFK.","Gold can be traded, shipped, or exchanged for services with a separate Obol policy.","Nether geology, bastions, and piglin practices can introduce gold and barter knowledge.","Yes. Bound passive gold by storage, barter demand, and rail/project orders.","No blanket gold-farm nerf before rail and economic sinks are usable. Test the Matcha drop override separately from vanilla farm balance.","Vanilla farms, Matcha gold recipes, and piglin-related functions are present. Tech and rail mods are provisional.","Keep gold material identity separate from Obol currency and audit Matcha drop changes behind the adapter.","Which gold sinks are useful enough to absorb output without inventing a mandatory luxury market?"
"copper","Copper serves building, oxidation, tools, wiring, and technical components. Its many forms create processing and storage pressure rather than one simple farm.","Drowned farm, raw-copper mining, or a copper processing line.","Players need large quantities for both aesthetics and machinery, while oxidation variants and tool recipes multiply the stock decisions.","Observed extensive copper content: 151 recipes, 211 asset records, copper tools, patina recipes, and copper-wire/redstone recipes. Many definitions occupy the vanilla namespace, creating high identity and compatibility risk. Evidence: generated/matcha/1.12/recipes.json, assets.json, cross-references.json, vanilla-overrides.csv, system-classification.csv. Farm throughput and oxidation behaviour are UNKNOWN. Check drowned rates, processing, and oxidation traces.","Mining and planned oxidation provide active, visually meaningful supply.","A copperworks can manage oxidation, building orders, and recycling for a settlement.","Drowned farms and processing lines remain first-class with real spawn, energy, storage, and output handling.","Copper forms and finished components can be commissioned or shipped from a works.","A first vein, ruin, or patina technique can reveal the material family and processing choices.","Yes. Cap passive output by active orders and bounded storage, especially for duplicate oxidation states.","Do not nerf copper farms before building and technical alternatives are tested. Prioritise identity conflict and output saturation over blanket scarcity.","Vanilla copper and extensive Matcha recipes are present. Copper-processing mods are provisional.","Use exact Matcha signatures and preserve ordinary copper when the profile or resource pack is absent.","Should oxidation be time-based, service-based, or both, and how will a works avoid becoming mandatory for decorative builds?"
"quartz","Nether quartz supports redstone components, comparators, observers, clocks, and pale construction palettes. It requires repeated Nether travel or bartering.","Nether quartz mining, piglin bartering, or a quarry with Fortune.","Technical builds consume quartz in batches and ordinary mining is exposed to danger, so players feel pushed to a dedicated Nether route or farm.","Observed quartz from Nether-quartz and lapis-related loot references, plus a recipe converting sand to quartz by blasting. Evidence: generated/matcha/1.12/recipes.json, loot-tables.json, advancements.json. No quartz-farm override is established; farm override and runtime conversion behaviour are UNKNOWN. Check sand conversion, quartz mining, and bartering traces.","Nether mining, bastion exploration, and active bartering remain meaningful.","A redstone works or mason can process quartz into declared local orders.","Mining or bartering automation remains valid with real travel, inputs, risk, storage, and output handling.","Quartz and finished redstone parts can be traded or shipped.","A first Nether region or processing discovery can reveal a renewable alternative without requiring a farm.","Yes. Saturate unattended quartz at storage or technical demand.","No quartz-farm nerf before redstone works and trade alternatives exist. Preserve both mining and bartering.","Vanilla Nether routes and Matcha quartz processing are available. Redstone/processing mods are provisional.","Ensure the alternate sand-to-quartz recipe does not become an unbounded conversion loop and expose its inputs clearly.","Should sand-to-quartz be a specialist rescue route, a trade input, or a normal late-game process?"
"food","Food creates continuous hunger, saturation, healing, and travel pressure. Vanilla farms make one food choice dominate because it is cheap and stackable.","Villager crop farm, animal breeder, hoglin farm, or golden-carrot trade loop.","Every player needs food, but the most efficient option is often a farm that runs while the player does something else. Matcha can also change hunger and regeneration globally.","Observed Hunger scoreboard and tick-time hunger effects, with natural regeneration disabled. Matcha also has 128 food recipes and effect-bearing foods such as curry and ramen. Classification marks hunger, healing, and food effects as overrides. Evidence: generated/matcha/1.12/scoreboards.json, functions.json, recipes.json, docs/matcha-audit/system-classification.csv. Final runtime amounts are UNKNOWN. Check hunger, healing, effect stacking, and restart traces.","Hunting, fishing, farming, cooking, and ordinary vanilla food remain viable and understandable.","Communal kitchens, pantries, and settlement meals turn surplus into useful shared stock.","Animal, crop, and cooking automation remain first-class with real feed, space, time, and bounded effect output.","Cooked food, preserved meals, and ingredients can be sold or shipped with trait and freshness labels.","Regional ingredients and preparation discoveries can add knowledge without making ordinary food unusable.","Yes. Cap passive food and effect production at storage, spoilage, or demand. Effects need intensity and duration caps.","Do not nerf food farms before preservation, cooking, and ordinary-food routes work. Matcha's global hunger and healing overrides need explicit compatibility decisions.","Vanilla food and Matcha recipes are present. Cooking and climate mods are provisional for 26.2.","Own stable food traits, preservation, and effect stacking while treating unknown modded food as ordinary food.","Which hunger and effect pressures are intentional, and can every food rule be explained in the Field Guide?"
"crops","Crops supply food, breeding, dyes, trading, and regional ingredients. Growth is passive but usually requires land, water, and repeated harvest handling.","Villager crop farm, bonemeal loop, or large automated planting and harvesting system.","Crops are renewable but time-gated, and one efficient farm can supply both food and emeralds, making farming infrastructure feel compulsory.","Observed recipe-unlock advancements for crops, extensive farmer trade records, and crop references in loot and assets. No crop-growth or climate rule is established by the static audit. Evidence: generated/matcha/1.12/advancements.json, registry-data.json, loot-tables.json. Growth behaviour is UNKNOWN.","Manual gardens, mixed farms, fishing, and foraging remain valid.","A greenhouse, seed library, or communal farm can turn discovered crops into reliable local supply.","Irrigation, planting, and harvesting automation may scale with land, water, energy, and output handling.","Seeds and produce can be sold or imported after the crop is known.","First regional discovery or sample establishes knowledge; cultivation should follow rather than erase the discovery.","Yes. Cap passive harvest by storage and demand, with diminishing value after buffers fill.","No crop-growth nerf before preservation, trade, and cultivation alternatives are usable. Avoid making hunger harder to justify farming changes.","Vanilla farming, Matcha farmer trades, and recipe unlocks are present. Climate and farming mods are provisional.","Define regional discovery, climate adapters, and cross-mod crop tags without adding a one-off integration per crop.","Which crops should be regionally distinctive, and what is the minimum discovery proof before home cultivation?"
"dyes","Dyes support building palettes, banners, concrete, candles, and maps. Some colours require awkward mobs or rare flowers.","Flower farm, squid or glow-squid farm, wither-rose farm, or bone-meal duplication.","A large build may need thousands of one colour, and the technically efficient source can require a specialised farm that has little to do with building.","Observed alternate dye recipes and flower-cloning recipe unlocks after bonemeal, plus dye references in loot. Evidence: generated/matcha/1.12/recipes.json, advancements.json, loot-tables.json. No dye-farm balance rule is established; farm behaviour is UNKNOWN. Check flower, ink, and wither-rose farm traces.","Flower gathering, ink collection, and landscape stewardship remain valid.","A dyeworks or gardener can supply declared palette orders from real plants or mob inputs.","Flower and mob farms remain first-class with bounded output and no infinite structure bonuses.","Dyes and finished coloured blocks can be traded or shipped.","A first biome, flower, or regional colour discovery can widen the palette without prescribing one style.","Yes. Saturate passive dye at storage or project demand, especially with wither-rose and ink farms.","No dye-farm nerf before dyeworks, palette substitution, and trade are usable. Preserve rare colour routes for specialists.","Vanilla dye routes and Matcha alternate recipes are present. Dyeworks and decorative mods are provisional.","Connect blueprint palette categories to functional equivalence, not to a required aesthetic or a generic rarity tier.","How can rare dyes remain interesting without making a player's chosen architectural style expensive by fiat?"
"villager population","Villagers are physically costly to breed, transport, protect, and house, but population often becomes a production input rather than a community.","Villager breeder, curing loop, transport rail, and trading hall.","Many renewable resources depend on villagers, so players build a population machine and accept cramped halls even when they dislike that playstyle.","Observed villager-friend tags, environmental village functions, and many trade records, but no Matcha career, rank, or knowledge field. The reviewed classification is undecided with high persistence and multiplayer risk. Runtime population and mortality behaviour are UNKNOWN. Check breeding, unloading, rejoin, and two-player traces. Evidence: generated/matcha/1.12/tags.json, functions.json, registry-data.json, docs/matcha-audit/system-classification.csv.","Find, transport, and care for a small number of villagers through ordinary play, with survival protection and meaningful relationships.","Homes, schools, workplaces, and settlements give population a civic purpose beyond vending offers.","Automation may handle bounded breeding, transport, and schedules, but unloaded settlements use abstract simulation and never random off-screen death.","A steward can hire or relocate professionals, with solo access and explicit capacity.","Meeting a village, mentor, or regional practice can reveal a career without requiring a hall.","Yes. Cap breeding and service capacity by housing, food, care, and settlement demand rather than by arbitrary global scarcity.","Do not nerf breeders or halls before professional training, workshops, and trade alternatives work. First remove the forced dependency, not the player's chosen farm.","Vanilla villagers and Matcha trade records are present. Career and settlement mods are provisional.","Create persistent career and mortality boundaries with versioned records, bounded simulation, and no player-proximity credit.","What population size makes a settlement feel alive while preventing villagers from becoming a pure throughput multiplier?"
"villager trades","Villager trades provide renewable tools, books, food, blocks, and emeralds. Discounts and restocks make halls exceptionally efficient.","Trading hall with curing discounts, profession control, and restock infrastructure.","A player can replace mining, farming, and exploration with a compact hall that supplies too many unrelated capabilities at once.","Observed 290 registry-data records and trade sets including high-volume offers such as one emerald for 64 comparators and cartographer exploration maps. Trade-set loading, restock, discounts, and per-villager scope are explicitly UNKNOWN in the audit. Check offer creation, restock, unload, and ordinary-vanilla traces. Evidence: generated/matcha/1.12/registry-data.json, tags.json, cross-references.json, docs/matcha-audit/system-classification.csv.","Trading remains a useful active negotiation and service, not the only way to get books or materials.","Professionals operate from real workplaces and settlement demand, with rest, capacity, and knowledge that can be taught.","Technical item supply can produce components directly, so trade is not the mandatory entrance to redstone or building.","Trade is a first-class route with willingness-to-pay, finite offers, visible restock, and no requirement for another player.","Cartographers and mentors can reveal maps, techniques, and broad leads rather than exact artifact checklists.","Yes. Cap passive trade output through offer uses, storage, demand, and service capacity. AFKing beside a hall should saturate.","No blanket villager-trade nerf before direct production, professional training, and commerce alternatives work. Matcha trade loading needs a separate compatibility decision.","Vanilla trading and Matcha trade definitions are present. Villager and economy mods are provisional.","Own stable offer identity, restock, discounts, and migration without copying Matcha private paths into core systems.","Which offers are genuinely specialist services, and which cross-domain offers recreate the exact checklist dominance this matrix is meant to remove?"
"emerald/Obol currency","Emeralds are both a material and a villager currency. A separate transferable purse must avoid inventory clutter and duplication.","Villager trading, raid farm, crop farm, or paper/book loop.","Currency farming can become the universal prerequisite for maps, gear, blocks, and services, while physical emerald storage creates inventory pressure.","Observed Obol tutorial and recipe-unlock advancements trigger on minecraft:emerald, and an abbey grave loot table includes emerald. No purse, balance scoreboard, deposit, withdrawal, transfer, or overflow guard was observed. Currency semantics beyond these observations are UNKNOWN. Check purse, drop, transfer, overflow, and ordinary-emerald traces. Evidence: generated/matcha/1.12/advancements.json, loot-tables.json, docs/matcha-audit/system-classification.csv.","Treasure, commissions, and direct work can earn physical currency without requiring a raid farm.","A settlement treasury, purse, or ledger can make currency useful without consuming many inventory slots.","Automated currency production remains valid when its inputs, offers, storage, and demand are bounded.","Merchants, shops, and freight services can accept a hybrid physical and purse balance with atomic transfers.","Finding the first currency practice or trade region can explain value without making every discovery a payment gate.","Yes. Cap balances or passive earnings through demand, offer capacity, and overflow-safe storage. Do not let AFK currency accumulate without a sink.","Do not nerf raid or trade currency before a usable hybrid Obol route exists. Preserve ordinary emeralds until exact identity is proven.","Vanilla emeralds and Matcha emerald-based records are present. Purse and economy support are custom and provisional.","Implement a versioned hybrid currency boundary, exact Matcha translation, and duplication-safe purse/ItemStack transfers.","What is the stable distinction between an ordinary emerald, a physical Obol, and a purse balance?"
"shulker storage","Shulker boxes solve portable bulk storage and are usually delayed behind End exploration. Their nesting and duplication risks are structural.","End-city shulker hunting, shulker farm, or a looting and transport loop.","Players rush the End primarily for inventory capacity, then use boxes to make every other farm and expedition easier.","Reviewed classification keeps Matcha shulker behaviour provisionally. The shulker entity loot table returns a shulker box through killed-by-player and looting-sensitive branches; silk_touch and sack recipes also exist. No Matcha nesting hook was observed. Runtime nesting behaviour is UNKNOWN. Check every relevant container, shulker contents, and cache movement trace. Evidence: generated/matcha/1.12/loot-tables.json, recipes.json, assets.json, docs/matcha-audit/system-classification.csv.","A bounded early Traveler's Cache handles essentials, while ordinary shulkers remain a valid later bulk-storage route.","Warehouses and local search reduce the need to carry every item and give shulkers a civic role as physical containers.","Storage automation can index and move physical boxes but must reject recursive container nesting and preserve revisions.","Shulkers and warehouse services can be bought or commissioned after discovery without making an End rush mandatory.","End discovery remains valuable for first access and knowledge, but basic building and food do not depend on it.","Yes. Cap portable capacity through slot rules and no nesting. Passive shulker production should saturate at demand and storage.","Do not remove or heavily delay shulkers before early portable storage and local warehouse search exist. Fix the rush by adding alternatives, not by making inventory worse.","Vanilla shulker behaviour and Matcha sack/silk-touch recipes are present. Storage mods are provisional for 26.2.","Preserve physical ItemStack source-of-truth, versioned cache contents, and safe movement across death, trade, and dimensions.","What is the earliest useful Cache size that relieves inventory pressure without making shulker boxes irrelevant?"
"mob drops","Bones, string, rotten flesh, arrows, leather, feathers, rare drops, and special materials feed many unrelated systems. General mob farms aggregate all of them.","General hostile mob farm, dungeon spawner, raid farm, or targeted witch/guardian/slime farm.","A single farm replaces hunting, exploration, and several regional trips, so players build it even when they enjoy the active activities it replaces.","Static source sets drop_chances to zero for mundane hostiles, zombified piglins, and piglins in difficulty functions, while loot tables use killed-by-player, looting, random chance, and set-count rules. No runtime final drop trace exists; final drop behaviour is UNKNOWN. Check direct, indirect, automated, and looting traces. Evidence: generated/matcha/1.12/functions.json, loot-tables.json, docs/matcha-audit/system-classification.csv.","Hunting, structures, caves, fishing, and targeted expeditions remain meaningful sources.","Butchers, fletchers, alchemists, and settlement works can turn declared drops into services or project stock.","General and targeted farms remain first-class, but spawn rates, storage, and output demand must be bounded. Spawners should not be silently replaced.","Drops can be traded or shipped from regions where the relevant mob or habitat is known.","First encounters teach habitats and uses without forcing repeat dungeon clearing for basic materials.","Yes. Cap passive drop output by storage, recipes, and live demand. AFK accumulation should diminish after buffers fill.","No broad mob-farm nerf before active, civic, and trade routes cover ordinary needs. Resolve Matcha drop-chance overrides with runtime tests rather than assumptions.","Vanilla farms and Matcha spawn/loot modifications are present. Mob-management mods are provisional.","Own exact drop identity, automation compatibility, difficulty behaviour, and unknown-item preservation behind the adapter.","Which drops need regional or discovery context, and which should remain ordinary renewable materials?"
"redstone components","Redstone dust, repeaters, comparators, pistons, observers, rails, and copper wiring form a dependency web. A few farms supply most inputs.","Witch/redstone farm, iron and gold farms, slime farm, quartz mining, and villager trading hall.","Technical builds are the main way to automate anything, but their inputs are cross-coupled with the same farms that the modpack is trying to make optional.","Observed 25 redstone-related recipes, including copper wire, redstone block, lamps, targets, and copper components. Matcha trade records include high-volume comparator offers. Evidence: generated/matcha/1.12/recipes.json, registry-data.json, advancements.json, cross-references.json. No global redstone-farm rule is established; farm behaviour is UNKNOWN. Check witch, component, and trade-output traces.","Manual redstone and small circuits remain valid for local automation and experimentation.","A redstone works, railworks, or technical guild can supply declared components for civic projects.","Engineering remains first-class and may reach high throughput with real iron, gold, quartz, slime, energy, design, and output handling.","Components can be traded, commissioned, or shipped, reducing the need to personally own every source farm.","Discovering a component relationship or a regional technical practice can teach possibilities without requiring a full factory.","Yes. Cap passive component output by storage, project demand, and offer capacity. Do not cap active design work itself.","No blanket redstone nerf. First add direct crafting, trade, and civic works, then measure whether a specific farm still invalidates alternatives.","Vanilla redstone and Matcha copper/redstone recipes and trades are present. Tech mods are provisional for 26.2.","Define cross-mod tags and demand accounting without replacing the player's own redstone designs or making technical play second-class.","Which component shortages are genuine design friction, and which are only symptoms of iron, gold, slime, quartz, or villager dominance?"
